0.13537557	-0.05123832	-0.06341087	0.0611922	0.06965187	-0.50456625	-0.17433007	-0.053388514	-0.114508815	-0.017409127	0.0041962983	-0.051824246	0.13342269	0.22470877	0.087228104	-0.17181489
0.14980151	-0.039302446	-0.14042312	0.032206196	-0.0076764985	-0.39752102	-0.17597276	-0.04692719	-0.15335612	-0.072727	-0.074529044	0.0014700937	0.05306922	0.28760073	0.13384035	-0.10998577
-0.18432023	0.25464854	0.18495087	0.28444645	0.17896245	-0.34346348	0.20344767	0.2422702	0.15898742	0.30554476	0.18412693	-0.15505569	0.22264977	0.034949508	-0.11912447	-0.25484496
-8.590821e-06	0.03850542	-0.01658612	0.1513418	0.12145658	-0.42315915	-0.05254371	0.0070988354	-0.031750344	0.09641037	0.09242402	-0.16185826	0.11629353	0.103595644	0.021732172	-0.15155575
0.20208645	-0.10509716	-0.122916825	0.0011453452	-0.039852418	-0.4624212	-0.24567442	-0.1545649	-0.21613881	-0.04553252	-0.0195288	0.016548574	0.056074634	0.30136797	0.084351726	-0.0822104
0.16947925	-0.11932129	-0.07239011	-0.000865081	-0.06787347	-0.04888203	-0.18302475	-0.15821375	-0.11707732	-0.13635752	-0.10673171	0.048940968	-0.022808045	0.17149968	0.14649707	0.06576658
-0.14004682	0.14453204	0.13090664	0.24687771	0.19865999	-0.40226004	0.12299688	0.24218673	0.14982964	0.27393788	0.15652415	-0.20126522	0.2329365	0.047380056	-0.18862762	-0.23443542
0.079302035	-0.011761832	-0.09798634	0.046541695	0.060845733	-0.23412035	-0.16452101	-0.113999754	-0.116384976	-0.078635626	-0.04662658	-0.034684096	0.09062368	0.12017957	0.020769805	-0.06957327
0.12688714	0.0014257999	-0.041982107	0.010133118	-0.0059126066	-0.3360645	-0.13370712	-0.044745058	-0.11244021	0.002546851	-0.023485517	-0.019254424	0.099000536	0.20176207	0.088395074	-0.07078711
0.22054215	-0.104677714	-0.12965995	-0.022023592	-0.1131794	-0.15796685	-0.17768796	-0.115094274	-0.19116579	-0.1405359	-0.09958249	0.102713674	0.0009887662	0.26182082	0.075013004	0.07526144
-0.07890003	0.059433796	0.051815365	0.1609195	0.12929529	-0.4537741	-0.05704934	0.044438165	-0.026211388	0.13818166	0.12959106	-0.16240016	0.16796207	0.031095318	-0.11782253	-0.23138914
-0.09139928	0.15793239	0.09660506	0.16801359	0.18467706	-0.293321	0.14703432	0.18966138	0.10445231	0.16591324	0.17347239	-0.16443338	0.2496192	-0.07268026	-0.19506422	-0.19605175
0.19018061	-0.119583026	-0.08281884	-0.046913724	-0.10482644	0.017705405	-0.13490942	-0.0768015	-0.093679935	-0.08367169	-0.06460307	0.10622496	-0.09095376	0.18917188	0.06264368	0.0011828772
1.0905204	-0.99457073	-1.0283077	-0.989828	-0.9145608	0.7735147	-1.0835859	-1.1493433	-0.96583235	-1.0402977	-0.8650567	0.95181227	-0.8805025	1.0372181	0.90566546	1.0431547
0.09775052	-0.020456064	-0.08209378	0.028991008	0.03143893	-0.23629422	-0.16041502	-0.024279729	-0.08766208	-0.010133974	-0.09693495	0.05417291	-0.014400619	0.21920367	0.03948169	-0.054098435
0.05464946	-0.0006021785	-0.08105483	0.031485662	0.057025373	-0.34876323	-0.13946413	-0.044528253	-0.047943983	0.048861828	-0.0309204	-0.07534951	0.121133976	0.16588506	-0.0069896365	-0.061675962
-0.12800103	0.084425405	0.057163317	0.076872334	0.101180024	-0.13915366	0.10904915	0.11332647	0.0677999	0.14099227	-0.0006224729	-0.09935465	0.02857376	0.009930124	-0.07548606	-0.15383819
-0.26226327	0.2705498	0.26374444	0.308737	0.21812372	-0.19970062	0.2971373	0.2554603	0.27679062	0.32990322	0.19574286	-0.26808605	0.18803291	-0.25101435	-0.23415104	-0.2587426
-1.356647	1.2186863	1.2016796	1.1663108	1.0512713	-0.99953485	1.2161813	1.2454332	1.2184559	1.2257785	1.0595305	-1.1303252	0.9678648	-1.1226662	-1.05348	-1.2435353
-0.959618	0.9128212	0.8577343	0.85760623	0.76601976	-0.79908603	0.8316345	0.8932806	0.79656076	0.9437415	0.7609095	-0.84184444	0.68989426	-0.75820893	-0.71104527	-0.9212783
0.015666036	0.011649661	0.052048087	0.047696743	0.045254055	-0.16113064	-0.01567106	-0.010110504	0.00061998365	0.034697607	0.021215735	-0.0635953	0.014197289	0.040391345	-0.007765599	-0.0929824
0.14834778	-0.11182736	-0.07150118	0.034331024	0.019835524	-0.22018	-0.18464224	-0.09041542	-0.16319136	-0.12048455	-0.07230346	0.02443756	0.03372936	0.19290067	0.0771786	0.006903743
-0.026323501	-0.0016763129	0.029892404	0.07726844	0.08798923	-0.32449868	0.0026572107	0.014299905	0.037752643	0.031336702	0.029506976	-0.11916449	0.07524313	0.051000327	-0.031640906	-0.20295912
-0.22111127	0.28136832	0.29717407	0.32113117	0.28535718	-0.12780407	0.30690882	0.30773047	0.3155288	0.24242967	0.27417848	-0.28042737	0.25110242	-0.31739408	-0.26577318	-0.25936985
-0.13678312	0.09355397	0.05266025	0.1748121	0.1147624	-0.32369912	0.07831446	0.081798576	0.111101836	0.1340974	0.11190565	-0.14291836	0.1362581	-0.05802147	-0.13511173	-0.23028605
-0.23859768	0.20607959	0.17814845	0.1775124	0.13193579	0.026568603	0.1773631	0.24038617	0.17906195	0.14401591	0.12619165	-0.1697929	0.107236214	-0.21184136	-0.22891878	-0.16978645
0.018634195	-0.03308095	-0.003605652	0.069729246	0.036544144	-0.28048158	-0.09285457	-0.012348404	-0.052733134	0.0014908782	0.008079034	-0.08181801	0.10097694	0.15416108	0.00290734	-0.0655813
-0.2075031	0.19547096	0.19293876	0.191295	0.21858889	-0.23543152	0.13378511	0.20309882	0.12625206	0.17080493	0.18211265	-0.22772485	0.19616187	-0.100721665	-0.18116134	-0.27521744
0.027350655	-0.016188815	-0.032148078	0.05599852	0.035286583	-0.19737625	-0.09157985	0.0016754938	-0.006193712	0.025833772	-0.019676462	-0.06040251	0.0638877	0.18023738	0.0053945743	-0.08131109
0.014441895	-0.0011362447	0.026628045	0.008115952	0.073957	-0.1717891	-0.06936104	-0.05652732	0.0059520635	-0.021246511	-0.030634752	-0.041190546	0.017124487	0.082373396	-0.0069827167	-0.0028768356
-0.057599954	0.08802445	0.05944063	0.09996754	0.128206	0.06553595	0.12726882	0.053973813	0.11165025	0.029265337	0.11490242	-0.089809366	0.03302337	-0.16112322	-0.12114956	-0.039033752
0.3089191	-0.31030765	-0.28923532	-0.31319967	-0.28824878	0.09681754	-0.39776424	-0.34412634	-0.34273326	-0.3211549	-0.27636525	0.23792489	-0.20606917	0.3889451	0.34485465	0.30968812
-0.19923496	0.19624367	0.22796963	0.20983294	0.24049415	-0.29580995	0.1381258	0.233299	0.21310742	0.24166796	0.17826486	-0.19686916	0.22733472	-0.13344727	-0.19691762	-0.23822215
-0.27033412	0.29394582	0.24093029	0.3578931	0.31089476	-0.5078568	0.21789931	0.36475703	0.24421589	0.3507778	0.24631044	-0.3279027	0.27929842	-0.23315594	-0.24701722	-0.368437
-0.50029325	0.4825103	0.42882103	0.50961053	0.5061715	-0.5854006	0.46068203	0.47668725	0.43355057	0.5335216	0.4577901	-0.49726626	0.5113881	-0.39724314	-0.3897583	-0.48178312
-0.31381556	0.28673044	0.283804	0.3733939	0.3272222	-0.40703163	0.25787672	0.31613	0.23893459	0.3023011	0.3407557	-0.3567886	0.31774834	-0.14176847	-0.28581294	-0.31720826
-0.22846352	0.27642533	0.19326359	0.26637954	0.31320763	-0.3026672	0.2386141	0.27766925	0.19913512	0.317388	0.2655277	-0.23037438	0.2866539	-0.19014065	-0.23113078	-0.25377992
0.22919762	-0.1877417	-0.2213522	-0.18528473	-0.13236518	0.07649233	-0.22658011	-0.2293885	-0.20579353	-0.18369435	-0.21671484	0.12897938	-0.14874813	0.28027347	0.19762348	0.11121824
-0.26885927	0.3100832	0.27879876	0.2904045	0.2199693	-0.18553545	0.23589222	0.2150545	0.20569222	0.23107195	0.26758063	-0.29144332	0.22345063	-0.24235806	-0.2850569	-0.29064178
0.5840168	-0.52266467	-0.5503465	-0.53781134	-0.4931525	0.50527006	-0.5029603	-0.5537951	-0.51395756	-0.5754883	-0.5203087	0.47412366	-0.49834755	0.53197706	0.50319624	0.57578886
0.08679495	-0.0052200793	-0.022581661	-0.0081603825	0.054273516	-0.26454967	-0.13979535	-0.095833585	-0.06886251	-0.01063995	-0.05554297	-0.02153895	0.028919348	0.14563914	0.047896598	-0.039574996
-0.47867572	0.51669294	0.42518416	0.4730081	0.4124209	-0.42609292	0.4364077	0.49483374	0.43460813	0.49295774	0.3822483	-0.46815395	0.37714925	-0.46861234	-0.39836192	-0.48496625
-0.0812442	0.10789475	0.07707644	0.14811449	0.11650126	-0.22859102	0.053706802	0.13288182	0.092139065	0.18940756	0.091593795	-0.15871349	0.16821042	-0.10018801	-0.1402968	-0.15177715
-0.022258539	0.03372407	0.008223325	0.045309965	0.09230052	-0.32149068	-0.04242618	0.054051895	0.028363762	0.04501778	0.06276752	-0.073573165	0.08071109	0.07743603	-0.06592645	-0.15682787
0.16748959	-0.14269297	-0.13350329	-0.036811583	-0.025534993	-0.15927869	-0.1724483	-0.15144302	-0.117410414	-0.0840578	-0.10897492	0.034618724	-0.06265639	0.18140203	0.102798186	0.078251146
0.31674302	-0.26651698	-0.23845693	-0.19801624	-0.23761997	0.02764502	-0.3320041	-0.31052142	-0.30570954	-0.2913951	-0.24050164	0.15914285	-0.1623994	0.23888521	0.19764975	0.1858288
0.1894947	-0.18780884	-0.14200497	-0.22242531	-0.21797387	0.34807992	-0.16839792	-0.12921663	-0.19384754	-0.23122635	-0.20847487	0.2523389	-0.27331293	0.23633584	0.1861795	0.2071901
-1.7390043	1.6939143	1.5916926	1.6002102	1.5583826	-1.4670761	1.6762441	1.7727624	1.5893323	1.7883134	1.5821309	-1.559279	1.4099604	-1.6441815	-1.5154184	-1.7116343
0.34670904	-0.35256943	-0.3678624	-0.33337867	-0.36338362	0.121513	-0.36205408	-0.34493017	-0.38890424	-0.3709255	-0.3350785	0.3180727	-0.24703634	0.36982954	0.3446125	0.35001448
-0.10737226	0.09931849	0.10363996	0.12091013	0.06166799	-0.09572856	0.04896458	0.049739875	0.08830963	0.050569393	0.06794518	-0.10152587	0.083626434	-0.03415851	-0.06918856	-0.14877489
0.72944957	-0.6406402	-0.64361215	-0.55275184	-0.5151955	0.10626541	-0.6759477	-0.6402642	-0.5963377	-0.5959676	-0.54130006	0.54316145	-0.4260085	0.7069645	0.59044516	0.55513644
-0.17135456	0.20610556	0.22717893	0.21887235	0.1779919	-0.27387318	0.17594142	0.24419437	0.21863735	0.2518074	0.16250277	-0.17227484	0.22607389	-0.17230156	-0.18470192	-0.24076782
-0.117082916	0.121336155	0.11802653	0.16286121	0.1817373	-0.10438891	0.16368733	0.18406123	0.10682829	0.14006843	0.113267325	-0.13265134	0.13997318	-0.13087869	-0.15270491	-0.117781
0.3200345	-0.26090416	-0.3247335	-0.26389155	-0.2736652	0.095070094	-0.2787255	-0.3135116	-0.34120542	-0.2965333	-0.2485888	0.22670117	-0.24539824	0.3179348	0.30726615	0.211489
-1.0570183	1.0360334	0.9853574	0.95862985	0.8818599	-0.7935368	0.9843817	1.0477325	0.9930539	1.0029912	0.84877384	-0.9521081	0.78133595	-0.91169477	-0.90062106	-1.0668622
-0.04214325	0.09204338	0.0870367	0.10628194	0.099238895	-0.29359296	0.08110601	0.085129716	0.04173265	0.07081172	0.09112679	-0.19657691	0.2105434	0.014762686	-0.107811905	-0.14835562
-0.053645857	0.069725424	0.059528526	0.08100892	0.06106248	-0.2776557	0.046954285	0.09199348	0.04985688	0.04446236	0.07007803	-0.08862528	0.14953253	0.058335897	-0.009748803	-0.12888114
0.055614494	-0.05342587	-0.117214285	-0.061650407	-0.05207583	0.005806898	-0.09428511	-0.084309265	-0.09119134	-0.091684714	-0.12650865	0.06108318	-0.09724723	0.12807424	0.13285656	0.035135895
-0.15871952	0.15356818	0.19091626	0.17021361	0.18470566	-0.2351414	0.18788877	0.19518459	0.19659597	0.17543638	0.15679659	-0.21984246	0.14117889	-0.11972239	-0.16004854	-0.23465873
0.32914743	-0.35733998	-0.33732903	-0.4172783	-0.37158126	0.53443277	-0.2655831	-0.3517825	-0.3278407	-0.42002514	-0.38837215	0.40071073	-0.38374436	0.24344984	0.3560611	0.37530226
0.1361009	-0.10712629	-0.07421986	-0.056375496	-0.13827904	0.017660508	-0.15370847	-0.17229432	-0.122497864	-0.09397512	-0.08100442	0.12340237	-0.112869844	0.16343589	0.15557413	0.042116456
0.15165146	-0.11222241	-0.09429122	-0.07082729	-0.056986813	-0.22778322	-0.15828939	-0.098228395	-0.14481173	-0.06316284	-0.095130175	0.07007191	0.0049117035	0.1965539	0.13145423	0.0405196
0.06946105	-0.10505756	-0.011190305	-0.1340067	-0.17041397	0.74906236	0.043789268	-0.07159106	-0.051819522	-0.12370918	-0.065336205	0.19383645	-0.20714599	-0.08903306	-0.022886237	0.30704665
0.6343927	-0.5893557	-0.59686315	-0.5096905	-0.5982759	0.30339	-0.6888299	-0.65311545	-0.62673694	-0.5743956	-0.648972	0.5625172	-0.50296426	0.6546229	0.63512766	0.58843505
0.19769455	-0.13504128	-0.16629156	-0.07666547	-0.082561456	-0.1700329	-0.24054848	-0.19544776	-0.23322223	-0.16095111	-0.099193625	0.1275312	-0.05302441	0.21062593	0.13611253	0.10528108
-0.30334416	0.2941027	0.25497463	0.3545501	0.26478353	-0.45267817	0.22408283	0.23414037	0.18754369	0.27991968	0.28432605	-0.28557163	0.26970816	-0.11507862	-0.18834019	-0.35279512
0.52045506	-0.47039768	-0.5387554	-0.3977346	-0.36414537	0.031044513	-0.5109032	-0.46918777	-0.55065954	-0.47792378	-0.4418815	0.35495022	-0.34187177	0.64179355	0.43918884	0.39109623
0.6139296	-0.5371478	-0.551448	-0.46856382	-0.42861506	0.15454876	-0.5648823	-0.5439903	-0.5410729	-0.5642687	-0.4181556	0.42970943	-0.3609201	0.5682742	0.45124257	0.51937044
0.2553671	-0.17007002	-0.16053726	-0.0945265	-0.11029708	-0.17993155	-0.20884363	-0.19046184	-0.25931868	-0.1972431	-0.12270229	0.1030833	-0.07779411	0.2596001	0.13712876	0.15497658
-0.8855008	0.8889651	0.7662561	0.9092392	0.8004455	-0.89748305	0.75816035	0.89755434	0.8000213	0.9065626	0.7802351	-0.852827	0.7427711	-0.77721375	-0.79236794	-0.8663398
-0.34965736	0.3199103	0.31467697	0.35364833	0.38103583	-0.4346568	0.3015605	0.35212213	0.3439019	0.35939398	0.28284323	-0.37488708	0.3753487	-0.28853005	-0.29977062	-0.35600144
-0.14782026	0.18646036	0.12593473	0.20790741	0.19272786	-0.011284139	0.15795551	0.10352149	0.12967932	0.19957319	0.17560467	-0.16541263	0.09803259	-0.18061152	-0.22819461	-0.09654526
-1.25526	1.2064776	1.160852	1.1810359	1.1536732	-1.0840704	1.18915	1.2720802	1.1841276	1.2899634	1.049981	-1.1117338	0.9900209	-1.1019232	-1.0635269	-1.287459
0.20528275	-0.21416426	-0.25592905	-0.22894403	-0.15495874	0.061738934	-0.21490519	-0.22854704	-0.1865807	-0.18270437	-0.17613752	0.21300606	-0.098532416	0.23609194	0.20994261	0.1854645
0.09454804	-0.13542563	-0.14564244	-0.08441738	-0.05267858	-0.13074422	-0.14444847	-0.06648722	-0.16931123	-0.03865817	-0.09893295	0.040638693	-0.013789825	0.15897974	0.14639382	-0.0071943984
-0.9946662	0.9006819	0.8117654	0.8719684	0.8687063	-0.79612243	0.8598064	0.9503612	0.8640446	0.9480742	0.7896092	-0.8573336	0.6913891	-0.8716232	-0.75445193	-0.9361472
0.25015447	-0.2436205	-0.26520178	-0.18894921	-0.16078945	-0.06574428	-0.22690812	-0.24404183	-0.29687703	-0.25074217	-0.24704328	0.1923567	-0.15730515	0.23433886	0.20961803	0.1419971
0.20172867	-0.0891282	-0.10971962	-0.07542039	-0.08100218	-0.18847483	-0.16927435	-0.11310561	-0.19592388	-0.12226415	-0.03024603	0.0711569	-0.015225525	0.21222785	0.076812685	-0.008370584
0.67367625	-0.63629335	-0.5718262	-0.5463695	-0.4711022	0.16429394	-0.6654284	-0.6540275	-0.65059733	-0.58639055	-0.56866956	0.5363554	-0.4112087	0.65533745	0.57778186	0.48825094
-0.67285067	0.6979131	0.65694946	0.65769374	0.63137454	-0.70078576	0.69869965	0.74505955	0.6634689	0.6809776	0.64672554	-0.6510777	0.58948314	-0.66831774	-0.61677504	-0.68092704
0.079398096	0.028564224	-0.057981845	0.06646722	0.033046573	-0.22308917	-0.04289783	-0.009328102	-0.09511226	-0.036838513	0.005906425	-0.037464805	0.117294185	0.10255884	-0.003987491	-0.034046855
-0.10599303	0.015083853	0.060314555	0.043384925	0.095484465	-0.054566894	0.03326495	0.114170834	0.050790746	0.116363965	0.054728642	-0.024333829	0.04989608	-0.004520874	-0.045046374	-0.073873416
0.3313815	-0.20684202	-0.3086119	-0.14373226	-0.12675776	-0.16031392	-0.27818793	-0.2849259	-0.26409048	-0.2764052	-0.16299118	0.120526165	-0.12833413	0.29772624	0.26213592	0.1474211
-0.09266504	0.05096229	0.082989424	0.09834328	0.07575575	-0.22888188	0.03876187	0.07057421	-0.0061927615	0.027632175	0.09829802	-0.120827265	0.091187745	-0.016228396	-0.051183973	-0.08375967
-0.07369815	0.09758623	0.09680846	0.17804609	0.11784115	-0.3472351	0.018056396	0.06234163	0.078850806	0.17636089	0.17266181	-0.13014768	0.20482026	-0.023329746	-0.078613214	-0.21657646
0.80289507	-0.7075935	-0.7105424	-0.6855912	-0.62431747	0.31434804	-0.73049355	-0.7418986	-0.7285581	-0.6807798	-0.57110673	0.56106013	-0.5481667	0.8167382	0.67500347	0.6367137
0.30242413	-0.26780924	-0.2893541	-0.23397972	-0.26031625	0.081853606	-0.32838535	-0.3353399	-0.362564	-0.32821524	-0.24778631	0.23689519	-0.17631446	0.3172144	0.3385415	0.24747296
-1.5677752	1.428865	1.410782	1.391411	1.3073839	-1.2199556	1.444584	1.4819562	1.3865837	1.4751185	1.3466458	-1.3079585	1.2580087	-1.4390128	-1.3576133	-1.4378899
-0.46293935	0.36159688	0.39005142	0.42152077	0.32244563	-0.3368326	0.35689446	0.45520878	0.3739729	0.45361093	0.34781379	-0.31525576	0.3441867	-0.2653023	-0.2966977	-0.43232113
-0.26692298	0.2679112	0.24103887	0.30459785	0.2904257	-0.3774257	0.2493767	0.23667017	0.22213595	0.30857474	0.20958987	-0.24511327	0.20473771	-0.14662123	-0.18832493	-0.31874967
0.059213523	-0.040925175	-0.015277745	-0.12901565	-0.10941141	0.6963804	0.040898293	-0.01379555	0.0676767	-0.06729434	-0.03244287	0.121644676	-0.30677888	-0.055409547	-0.05643117	0.19066311
-0.16231738	0.109214306	0.1987161	0.12571512	0.06776112	0.22755118	0.19651921	0.20968528	0.2198136	0.17763345	0.10831998	-0.08587339	0.02082476	-0.22058344	-0.2131132	-0.14124765
0.02498196	0.016001966	0.010154252	0.047747053	-0.025596622	-0.0897751	0.014252875	-0.013211312	0.0079055885	0.055848315	0.008010852	0.004730576	0.04978105	0.076870345	-0.0034802202	-0.015019326
0.42690468	-0.40213427	-0.33068222	-0.48851028	-0.4594687	0.65525967	-0.33890894	-0.3933863	-0.3215157	-0.47550225	-0.41918382	0.4317375	-0.5094046	0.32576376	0.31686136	0.51994646
-0.19452162	0.26571688	0.2825503	0.28371632	0.2881891	-0.4568203	0.16363445	0.2696743	0.21870539	0.27171218	0.33509627	-0.30490828	0.3027097	-0.24691622	-0.26794633	-0.27279422
-0.71646684	0.72312003	0.6807877	0.70499825	0.696292	-0.7373047	0.6385806	0.75474465	0.6280371	0.76106447	0.7082385	-0.66091317	0.6610264	-0.6294482	-0.636287	-0.7835741
0.078138135	-0.06381897	-0.004785484	-0.041569263	-0.033969086	-0.21071051	-0.07697111	-0.105004095	-0.06858945	-0.043897804	0.030790083	-0.014045383	0.09214495	0.11389301	0.07421929	-0.00013110915
-0.280713	0.3290048	0.29232982	0.3498631	0.3794828	-0.59077406	0.23219526	0.29787794	0.28457868	0.40857118	0.34308672	-0.35776043	0.3528827	-0.24026443	-0.33834764	-0.4062349
-0.3765198	0.3681858	0.41313753	0.28025004	0.34786123	0.10614971	0.44765556	0.37826097	0.37801558	0.32689202	0.32434288	-0.33962935	0.23051348	-0.4526943	-0.35620424	-0.3037714
-0.026024284	0.0352371	0.032913532	0.12693778	0.13027781	-0.22935334	0.06376445	0.054630216	9.328517e-05	0.09290883	0.11073812	-0.1593004	0.14937031	-0.034763884	-0.11890553	-0.15724109
-0.009012199	0.055523865	0.037374135	0.01664007	0.04438921	-0.061798424	0.008867196	0.02004879	0.0434872	-0.016395811	0.051493194	0.01552088	0.0065234946	-0.05007304	0.024717275	-0.05406256
-0.33861175	0.35499683	0.30286157	0.4036432	0.4267553	-0.5156319	0.31773093	0.37942818	0.37769684	0.42625466	0.3843741	-0.3761407	0.36605757	-0.31358448	-0.3679068	-0.47197726
-0.04179697	0.15917702	0.072252005	0.19016995	0.18606591	-0.39393452	0.04745919	0.073837444	0.036595672	0.14890951	0.17772307	-0.19486803	0.24266267	0.013015177	-0.1206055	-0.20996012
-0.09139133	0.09084339	0.086287476	0.10061364	0.17997098	-0.25648642	0.094465	0.12654142	0.052398503	0.1636867	0.12255758	-0.1672558	0.14173564	-0.013526232	-0.13935427	-0.17055531
0.72607577	-0.6277181	-0.6722195	-0.59356683	-0.5509377	0.3735736	-0.6835909	-0.7238678	-0.7219963	-0.63450813	-0.61669135	0.57816267	-0.49077752	0.777277	0.613228	0.6378303
0.24044076	-0.15529442	-0.14209384	-0.10213418	-0.14699337	0.030081429	-0.15941362	-0.2134206	-0.22635905	-0.15163887	-0.1534399	0.19415137	-0.12258727	0.26207808	0.21143432	0.12611908
0.45473036	-0.43280655	-0.4412096	-0.41386607	-0.42743334	0.20599453	-0.4617974	-0.40758547	-0.45801702	-0.48274338	-0.41993746	0.40716144	-0.39471704	0.5388963	0.43422103	0.3696486
0.22734009	-0.18123709	-0.21226224	-0.09578003	-0.11806621	-0.03379038	-0.2285615	-0.13901095	-0.13837177	-0.18312246	-0.13432424	0.118035786	-0.12718345	0.23736946	0.14212713	0.021556864
-0.09558223	0.10717964	0.086516045	0.10639743	0.16005139	-0.3705487	0.081202514	0.13797332	0.04720856	0.076669075	0.1754489	-0.12268672	0.20769872	0.010197656	-0.12279038	-0.13981842
-0.04985747	0.01517421	0.02357498	0.06670391	0.056080155	-0.18392877	0.03178057	0.069199614	-0.0049337354	0.08948893	0.06893953	-0.062445514	0.10171292	0.018839872	-0.04585982	-0.08086694
-0.29086086	0.3640294	0.29690704	0.317454	0.3054566	-0.327461	0.2660969	0.34840536	0.2557909	0.3010726	0.32460627	-0.30098072	0.2861768	-0.22653675	-0.28016412	-0.3558641
1.5864681	-1.4954213	-1.4225017	-1.3661258	-1.3233355	0.8353371	-1.5041833	-1.5253147	-1.4281859	-1.5181131	-1.3861316	1.2859238	-1.1572942	1.4896089	1.3375877	1.3559436
0.44616112	-0.4453026	-0.38969597	-0.34745485	-0.38468793	0.20957364	-0.42459407	-0.4582577	-0.4219833	-0.4519683	-0.40679806	0.40514585	-0.30196112	0.45054308	0.4391216	0.32889208
0.18048786	-0.065873906	-0.15170269	-0.098862514	-0.05692452	-0.055039268	-0.16572165	-0.06703667	-0.09427272	-0.15477233	-0.16493563	0.13407092	-0.068460174	0.13083547	0.14364086	0.096849516
1.4935389	-1.413502	-1.3569374	-1.3183395	-1.315436	0.91518366	-1.4556484	-1.518849	-1.424293	-1.4639753	-1.3147421	1.3327916	-1.1036454	1.4769781	1.3284552	1.4463335
0.51201904	-0.43333325	-0.46782213	-0.42594364	-0.47780997	0.3410057	-0.456618	-0.47239646	-0.45108214	-0.46573025	-0.49343207	0.4475113	-0.44058034	0.5276025	0.45206583	0.46493727
0.055960856	-0.034378666	-0.033781458	-0.032516483	-0.05872378	-0.03034947	-0.118870884	-0.10357903	-0.04780052	-0.06687711	-0.090239964	0.083434336	-0.0167053	0.0983142	0.12003452	0.04807481
-0.0717874	0.04453935	0.022798892	0.11625129	0.100229	-0.2134233	0.044964053	0.037785027	0.0012148012	0.046079308	0.0898926	-0.12368519	0.06190283	-0.049853154	-0.05936375	-0.074335605
0.8711289	-0.85661167	-0.7823611	-0.7560927	-0.6925251	0.40001014	-0.87121075	-0.8579325	-0.82416016	-0.85713166	-0.733158	0.6850887	-0.6310359	0.86862755	0.73762566	0.8445599
-0.2137681	0.16429415	0.22076178	0.13053556	0.061148368	0.23558336	0.2879952	0.16820236	0.16734323	0.15290877	0.092606574	-0.092568874	0.06993372	-0.26165196	-0.14379308	-0.048136327
0.7561466	-0.6625872	-0.61488235	-0.69130254	-0.6521268	0.99765563	-0.5727074	-0.70649934	-0.6587011	-0.75877535	-0.6529542	0.652576	-0.7057709	0.53631186	0.5635707	0.7695299
0.29509097	-0.21622093	-0.28834093	-0.18729706	-0.20573668	-0.08218175	-0.35216716	-0.31959605	-0.2576015	-0.24426232	-0.28809312	0.1684996	-0.17314917	0.34557244	0.21975541	0.17694305
-0.061038017	0.086991794	0.13115256	0.17122847	0.108434446	-0.14787146	0.13707007	0.12195494	0.09391586	0.14430943	0.06468212	-0.095290266	0.107468426	-0.080150254	-0.038394038	-0.13749518
-1.7387187	1.7089591	1.5166812	1.6254861	1.5050924	-1.4426509	1.570412	1.7169809	1.5390487	1.7533659	1.5209932	-1.4874166	1.3644072	-1.588053	-1.4801801	-1.665089
1.7744105	-1.7633628	-1.6292517	-1.5596458	-1.5091662	0.9676585	-1.6436626	-1.6886292	-1.6398476	-1.7799407	-1.5840149	1.4978448	-1.3008844	1.7449056	1.5545031	1.5599775
0.33958855	-0.30623382	-0.2875151	-0.20276816	-0.19652191	-0.085873045	-0.36053148	-0.28387463	-0.28164518	-0.29604882	-0.2766892	0.14946216	-0.13223732	0.33648887	0.20358948	0.17927778
0.3980673	-0.34163356	-0.36732364	-0.32529026	-0.31526616	0.12857643	-0.45302856	-0.38903376	-0.3565479	-0.33171576	-0.38296834	0.34274793	-0.30491492	0.4262416	0.301774	0.3676315
-0.786967	0.69351506	0.6720654	0.69299966	0.66749454	-0.61063683	0.66786957	0.7070557	0.7048824	0.71701735	0.62597704	-0.6162232	0.5497174	-0.67245126	-0.6107407	-0.77594954
0.5511684	-0.62763166	-0.5421514	-0.61156243	-0.6055314	0.8782181	-0.45173264	-0.5760976	-0.5598425	-0.62116086	-0.49397337	0.6234174	-0.6204448	0.4445525	0.4545077	0.6865831
0.44767246	-0.44690537	-0.39153162	-0.5009379	-0.46456274	0.76411605	-0.3672261	-0.464853	-0.350572	-0.5299923	-0.39425647	0.43835866	-0.48777497	0.31256846	0.37160704	0.5854796
0.020420887	0.027760694	0.043061905	0.08690156	0.073164016	-0.17700362	-0.017152306	0.0655042	0.037254713	0.006991583	0.014367491	-0.008986991	0.098653495	0.016621256	-0.04893195	-0.07289322
-0.35426167	0.38702032	0.36205077	0.4224903	0.3815875	-0.34705606	0.3082206	0.3356454	0.33776635	0.35533366	0.40470618	-0.40893102	0.3224016	-0.33708093	-0.34664345	-0.38689587
-0.15658052	0.1504547	0.20962457	0.18443498	0.19853373	-0.22231886	0.2199018	0.1691206	0.21601197	0.21629612	0.16544582	-0.18219538	0.11143566	-0.12079781	-0.19320567	-0.19985576
0.06769022	-0.12546949	-0.09070915	-0.050414614	-0.050697997	-0.06696922	-0.091251045	-0.056269515	-0.062255047	-0.06048649	-0.07291994	0.05667377	-0.025821798	0.1720169	0.07855936	0.052542556
0.09475797	0.014590991	-0.020819342	0.029651178	-0.05535179	-0.2007147	-0.12513146	-0.07953725	-0.065403186	0.002341433	-0.045390822	-0.008473352	0.028852655	0.151139	0.065826304	-0.047351237
-0.46783048	0.48199332	0.43418744	0.4572725	0.4213657	-0.4693273	0.43529937	0.48720345	0.45659572	0.45911223	0.36371952	-0.42732877	0.42508903	-0.39881235	-0.4153928	-0.52431244
-0.100400314	0.10669693	0.10667058	0.17530596	0.120271504	-0.21871445	0.080227055	0.11608484	0.122641616	0.18230456	0.21562281	-0.15367456	0.19779289	-0.14266783	-0.16712993	-0.121012405
0.26503357	-0.26406932	-0.2716485	-0.2481886	-0.23794018	0.064141795	-0.3230094	-0.32145154	-0.28430542	-0.22669461	-0.22924697	0.2304756	-0.19086188	0.28032258	0.24073264	0.21592699
-0.43712896	0.50956064	0.40961906	0.50821507	0.43412897	-0.49424666	0.45600855	0.42982277	0.45170456	0.49114874	0.42595854	-0.4875606	0.43272868	-0.39514926	-0.47070584	-0.4728673
-0.046377677	0.057992008	0.11432472	0.07703999	0.010801933	-0.06740191	0.09814084	0.056989085	0.081916206	0.069615364	0.021858739	-0.06572643	0.075780235	-0.081567295	-0.09129201	-0.05476883
1.6352894	-1.5328009	-1.4044509	-1.4330454	-1.3200853	0.80863005	-1.4756968	-1.5468277	-1.4910266	-1.5554864	-1.4362712	1.3566363	-1.1702496	1.5803789	1.325398	1.4688616
-1.0867474	1.0614493	0.9668517	1.0383204	0.92138636	-0.2860146	1.0720841	1.0309126	0.98927	1.081228	0.9887198	-0.93331575	0.8101839	-0.9714585	-1.0018765	-0.95879436
-0.23693982	0.26922315	0.198406	0.25384107	0.164629	-0.20267919	0.20228446	0.24314483	0.20705874	0.2243197	0.2167676	-0.1749773	0.23399891	-0.16873446	-0.22556235	-0.25396013
1.8349415	-1.8392704	-1.674567	-1.7430534	-1.586782	1.3810614	-1.6805711	-1.8256887	-1.674855	-1.8620877	-1.728578	1.6823345	-1.4444703	1.8377017	1.6216102	1.7214997
-0.31888813	0.3879776	0.3542982	0.38303575	0.28990087	-0.34141985	0.293182	0.3232653	0.2718546	0.35956523	0.26282662	-0.3061518	0.25012258	-0.31978628	-0.26269385	-0.39527923
-1.0053096	0.8873317	0.8448973	0.9293724	0.8582215	-0.7045335	0.94072926	0.90658873	0.8946716	0.97457564	0.82792944	-0.7961401	0.8070704	-0.84600055	-0.85750663	-0.91861725
0.31665155	-0.23433465	-0.22692923	-0.2475233	-0.2844484	0.17667872	-0.25244594	-0.254693	-0.30620465	-0.25237563	-0.29758912	0.25503397	-0.21717975	0.2841159	0.2365281	0.2679308
-0.53294593	0.50544417	0.45764843	0.4961484	0.45954904	-0.53612095	0.4311944	0.51806784	0.50256896	0.54477143	0.5033404	-0.5149767	0.4814631	-0.39363045	-0.49456716	-0.51831686
-0.119748875	0.16404563	0.1617059	0.12409354	0.14330004	-0.021208946	0.08864496	0.11075049	0.11837318	0.07259768	0.11572493	-0.14242218	0.14181724	-0.11764296	-0.12701258	-0.14487675
0.13867623	-0.1159228	-0.09939303	-0.13072257	-0.09023857	0.054739274	-0.15511538	-0.10125313	-0.14523365	-0.12811613	-0.08138963	0.09998101	-0.076663084	0.18716551	0.11079517	0.14047408
-0.40577188	0.4114234	0.42064005	0.41792345	0.34816617	-0.35212538	0.40433043	0.43555915	0.33826616	0.43888444	0.3120329	-0.33034742	0.33760098	-0.39253822	-0.36929378	-0.43927106
0.19379106	-0.12176144	-0.21412574	-0.051573996	-0.10919421	-0.30139977	-0.26838678	-0.13575627	-0.19428237	-0.09799095	-0.070836	0.07184761	-0.062104218	0.30122536	0.18662906	0.029836915
-0.9781655	0.9288162	0.91501534	0.9568361	0.90107495	-0.82811457	0.88501436	0.9703053	0.90948915	0.92053	0.85147727	-0.9129028	0.8283746	-0.81772923	-0.8566972	-0.9322877
0.055795997	0.061152827	0.0133943055	0.019707978	0.024687989	-0.21481854	-0.02273134	0.0399646	0.016537713	0.06471829	-0.017562537	-0.03324212	0.07522695	0.08875108	0.04585774	-0.09369661
-0.018629791	0.072666384	0.06381565	0.060134713	0.052901343	-0.19665948	0.04691491	0.11065758	-0.0011352364	0.04120665	0.09502652	-0.04316674	0.11027913	0.021668345	-0.08675968	-0.094235174
-0.49022654	0.4110088	0.47269896	0.46554846	0.43077874	-0.42354316	0.45696846	0.46436647	0.4311826	0.43655685	0.4600995	-0.44999003	0.4239464	-0.45740256	-0.4636994	-0.4835985
0.36454552	-0.26921389	-0.29079244	-0.24251346	-0.23252992	0.0944274	-0.36115935	-0.3466151	-0.33991525	-0.29349548	-0.2125012	0.2133074	-0.20415106	0.29447925	0.3115377	0.25543168
0.32495573	-0.2857034	-0.3528967	-0.28376928	-0.2717135	0.15452029	-0.29371703	-0.28661987	-0.31688818	-0.29338178	-0.2911743	0.2862963	-0.24424195	0.358214	0.3367616	0.2013964
-0.2772988	0.3111411	0.346904	0.28163108	0.2701188	0.2619676	0.41964316	0.34131688	0.36006942	0.26948225	0.27394503	-0.209281	0.10770407	-0.4715262	-0.38263714	-0.1788944
-0.388572	0.4884674	0.42141724	0.42378762	0.47788176	-0.58018273	0.4356199	0.476009	0.36785895	0.45501333	0.49572048	-0.47951669	0.40945175	-0.34264195	-0.45923615	-0.4160238
0.74884874	-0.7415234	-0.65769345	-0.69356114	-0.5862762	0.43034595	-0.7032433	-0.7356451	-0.6429672	-0.7331025	-0.65335125	0.5696995	-0.5289754	0.7094902	0.5843041	0.7105587
-0.57038146	0.50425386	0.5399381	0.51219296	0.49080673	-0.4527219	0.4905143	0.5618125	0.47936967	0.5560702	0.4422983	-0.49262786	0.4367021	-0.42396623	-0.45649484	-0.5505192
0.17215544	-0.18919934	-0.1846555	-0.16771595	-0.10608387	0.016156452	-0.20941755	-0.20070402	-0.15160339	-0.21915227	-0.19278699	0.14202486	-0.0913895	0.20705234	0.14570805	0.18437426
0.3719528	-0.2801897	-0.29827726	-0.16980317	-0.22618824	-0.2982713	-0.3658912	-0.33940393	-0.31987637	-0.26341358	-0.23313491	0.1318967	-0.10055317	0.37556404	0.25651583	0.10125929
-0.273136	0.25425142	0.3097129	0.21000874	0.2672185	-0.23857433	0.21523203	0.22124512	0.23012267	0.28650627	0.24274613	-0.24046858	0.22864385	-0.3314555	-0.28330144	-0.25564882
0.59639543	-0.59810954	-0.5633522	-0.5186334	-0.47658694	0.14163502	-0.59118336	-0.623847	-0.6342504	-0.57812124	-0.57494783	0.48509365	-0.3669501	0.643032	0.5785735	0.445797
1.0251335	-1.0395364	-0.9479938	-0.984447	-0.92562515	0.7287414	-1.050673	-1.0438275	-1.0399785	-1.0377625	-0.9079797	0.9139331	-0.872128	1.0613756	0.91803783	1.0278248
-0.36238912	0.39948526	0.32552984	0.36352342	0.3480813	-0.36314896	0.38891616	0.42259526	0.33772725	0.37014613	0.34891605	-0.40572664	0.36932048	-0.3636904	-0.33763823	-0.3447532
0.3540601	-0.33020046	-0.28171602	-0.30655494	-0.21897635	0.021309298	-0.31411627	-0.29092872	-0.33470938	-0.32782975	-0.19519612	0.21892653	-0.12725171	0.30246872	0.26942506	0.23673205
0.24317206	-0.23504022	-0.24494548	-0.22629437	-0.20853655	0.05738362	-0.2786149	-0.26974878	-0.22688198	-0.2751919	-0.18267386	0.16050671	-0.17008029	0.2594815	0.19656716	0.18346474
-0.014529377	0.036071774	0.017892104	0.09853495	0.074213475	-0.1950379	0.028922414	0.018890755	-0.021402245	0.029228417	0.06480396	-0.037863657	0.021719517	-0.011974261	-0.06193709	-0.07825628
-0.3250704	0.38623816	0.3542126	0.36461687	0.31411102	-0.34889862	0.3688807	0.3979959	0.28415626	0.3558588	0.29576236	-0.37069297	0.3325988	-0.24946621	-0.27431104	-0.38288093
0.39547992	-0.4360387	-0.3527381	-0.357273	-0.391049	0.22115634	-0.45082363	-0.3572276	-0.36418006	-0.45094928	-0.41946533	0.36756784	-0.29987207	0.4033456	0.3915819	0.35473585
0.03509126	-0.0061123585	-0.040872052	-0.06099121	-0.04614823	0.035701998	-0.049161054	0.008796464	-0.035521947	-0.03471353	-0.036910817	0.022582574	-0.07305306	0.10121495	0.024724202	0.035845384
-0.3567078	0.34241253	0.3000242	0.3155781	0.37389562	-0.38731247	0.3121939	0.32463467	0.3258641	0.39022076	0.32151952	-0.37690923	0.29909736	-0.36495525	-0.2732753	-0.3830337
0.10948087	-0.063887075	-0.0633256	-0.065135755	0.032616176	-0.121214755	-0.1237545	-0.115777574	-0.090602346	-0.07972637	-0.014792784	-0.005670026	0.010357895	0.10664797	0.062170163	0.017476616
-0.17959668	0.20025635	0.14205547	0.20122243	0.15609737	-0.16961229	0.13671742	0.13808337	0.21426095	0.15491748	0.17850682	-0.2156139	0.15686886	-0.1681164	-0.19406208	-0.23526253
-0.022393504	0.0036239636	-0.021262003	-0.038932204	-0.04987768	-0.09998815	-0.002490143	0.004241508	-0.04022836	-0.051232878	-0.051976535	-0.028314464	-0.044406816	0.056675505	0.07677508	0.002530013
0.3952937	-0.43107763	-0.39983433	-0.3303913	-0.3900921	0.2427112	-0.42004955	-0.41322094	-0.40008977	-0.40454665	-0.3634906	0.35790214	-0.35823646	0.51069546	0.34169665	0.32368475
0.55579215	-0.45468304	-0.45955858	-0.4485749	-0.45140174	0.35681927	-0.5139307	-0.4879407	-0.50155354	-0.5460476	-0.50035685	0.42175236	-0.42129672	0.49670765	0.4033379	0.48696914
-0.5216493	0.45580322	0.4666638	0.41956577	0.38388008	-0.43040913	0.41877708	0.43543154	0.44846806	0.503038	0.4340556	-0.460104	0.36469603	-0.400014	-0.39519343	-0.529276
1.6627182	-1.6115952	-1.5732058	-1.5510536	-1.5158042	1.2208467	-1.5408636	-1.6727743	-1.5463535	-1.651321	-1.5016564	1.5148803	-1.3022478	1.6045787	1.4907043	1.5949584
0.14510152	-0.15167773	-0.122964345	-0.08296599	-0.058901183	-0.09407241	-0.13705005	-0.16584612	-0.14633709	-0.07596946	-0.11763893	0.025860788	-0.00768528	0.23974223	0.0719111	0.12190086
0.8005779	-0.6940399	-0.6610549	-0.68817294	-0.56890416	0.22560711	-0.74180317	-0.773679	-0.71916413	-0.7243496	-0.63639724	0.580018	-0.545271	0.7709273	0.6210706	0.6497458
-1.5905223	1.5871634	1.4065728	1.4968662	1.4049988	-1.4247525	1.3853562	1.5548893	1.4519279	1.6484634	1.4377787	-1.4975908	1.3721391	-1.3639715	-1.3913481	-1.5486025
0.17433964	-0.16574548	-0.17711805	-0.13094276	-0.15493478	0.039537527	-0.138718	-0.14633042	-0.15293036	-0.12409191	-0.119479515	0.13809481	-0.089526474	0.18294817	0.0968186	0.1482094
0.3039308	-0.24527743	-0.24614552	-0.22674514	-0.2658603	0.19242178	-0.23849003	-0.32630762	-0.24189308	-0.2552442	-0.22054335	0.20093127	-0.17991011	0.26583782	0.22991784	0.23684734
1.2149813	-1.1535957	-1.0609846	-0.9850361	-0.93794954	0.43864527	-1.1237319	-1.1241584	-1.0335962	-1.0848806	-1.0835032	0.9423905	-0.7983289	1.151994	1.0263827	0.9906784
-0.35357553	0.43941346	0.40462598	0.4224326	0.41998047	-0.52444214	0.402776	0.45618552	0.38323212	0.45209393	0.41997492	-0.37404048	0.3659229	-0.2297553	-0.334426	-0.43425348
-0.124568515	0.21441156	0.16043068	0.24981357	0.20632374	-0.33695713	0.08581635	0.16075805	0.13606079	0.23811147	0.22584982	-0.18982892	0.17740157	-0.09366142	-0.15163139	-0.19573505
0.6703112	-0.644586	-0.6378078	-0.5846838	-0.6045453	0.4129427	-0.6673499	-0.66117823	-0.66283584	-0.67340213	-0.5387701	0.6031873	-0.51867163	0.57717025	0.517892	0.6610428
-0.19360693	0.08737467	0.089489244	0.15673685	0.11428133	-0.0652771	0.17958358	0.16233379	0.15735032	0.10076995	0.05883843	-0.06601312	0.13420705	-0.09495295	-0.063719176	-0.106528506
-0.5162334	0.58672947	0.46197104	0.4950066	0.5028351	-0.6585816	0.5006833	0.47928098	0.49632818	0.54061073	0.48895475	-0.5667497	0.56415373	-0.41212043	-0.468363	-0.613206
0.8067293	-0.7826061	-0.7060122	-0.63022625	-0.62461805	0.29577816	-0.7483653	-0.73562557	-0.6794545	-0.74287647	-0.7357301	0.67783654	-0.5300739	0.8126355	0.6584711	0.6857393
0.64062	-0.6266855	-0.62252367	-0.5327813	-0.5644716	0.33314297	-0.55938816	-0.6510896	-0.5410725	-0.6364107	-0.5064279	0.47998142	-0.43260884	0.61070514	0.51377094	0.49196512
-0.14154246	0.15362939	0.09165595	0.10871784	0.15781702	-0.21673544	0.08112477	0.0972115	0.116069354	0.13419855	0.09928915	-0.12265653	0.16078687	-0.13848989	-0.07585135	-0.18413045
-0.77674556	0.76842356	0.70903295	0.7583415	0.75757164	-0.841403	0.74341464	0.7532533	0.6846731	0.75746393	0.77095306	-0.76324135	0.72330546	-0.67996365	-0.7242247	-0.75196075
-0.026876874	-0.0036311192	-0.0071764705	0.007637728	-0.008397192	-0.22134776	-0.039137375	-0.018786535	0.026548114	0.05571921	0.046822716	-0.042595353	0.043157928	0.02744719	-0.00020327413	-0.020080624
0.48770708	-0.36340708	-0.36992496	-0.35898617	-0.3601052	0.2084245	-0.4450265	-0.39919308	-0.4391881	-0.4255547	-0.35467348	0.36220956	-0.28990135	0.50492144	0.32623512	0.38190123
0.29554757	-0.19689675	-0.25115186	-0.19380614	-0.1500647	0.047302198	-0.21773587	-0.22792257	-0.23513325	-0.18555808	-0.20705457	0.20576043	-0.15661788	0.23507987	0.25079027	0.22339734
0.46921125	-0.40388983	-0.3917558	-0.42780045	-0.37120137	0.19860044	-0.40346795	-0.42521662	-0.45360073	-0.4087146	-0.3866401	0.33446214	-0.3539399	0.46541825	0.3904275	0.4014857
0.62323403	-0.57610136	-0.5280095	-0.58081895	-0.54414433	0.4210229	-0.5480167	-0.58902997	-0.588958	-0.60522133	-0.5708718	0.5666559	-0.51090443	0.5833336	0.54903144	0.57757103
-0.43925235	0.3913973	0.41747406	0.4156627	0.34559885	-0.3559224	0.4110238	0.3736231	0.34199688	0.3831926	0.39533642	-0.3849048	0.30719742	-0.31789947	-0.3792105	-0.41272405
-0.21437834	0.21122123	0.26283464	0.22391003	0.1757213	-0.20945822	0.20198964	0.21054728	0.20967938	0.2908457	0.1698109	-0.26238462	0.16330442	-0.21657163	-0.23771371	-0.21875812
-0.7545098	0.7081816	0.631037	0.69213974	0.75226456	-0.7769745	0.6362067	0.77163655	0.7000976	0.77381575	0.690281	-0.6938876	0.6918373	-0.6863635	-0.6165351	-0.7793905
-0.31372592	0.3061321	0.3158587	0.3071697	0.25213838	-0.33150208	0.3032868	0.32807302	0.30245355	0.3571349	0.29487196	-0.2895837	0.27572548	-0.24875094	-0.27671257	-0.35275716
-0.07203999	0.12305331	0.08719039	0.12797388	0.19922209	-0.34205592	0.073702514	0.15242001	0.12661146	0.20028003	0.12171665	-0.18128079	0.21506386	-0.07352772	-0.1488501	-0.16262701
-0.23797809	0.27398065	0.1759685	0.26397386	0.2560821	-0.19271454	0.20561936	0.21522477	0.2308889	0.21435846	0.23263884	-0.24239862	0.19561358	-0.25120243	-0.20632088	-0.27409554
0.18062572	-0.13405417	-0.09000825	-0.15653571	-0.2127536	0.42126974	-0.092947684	-0.12542142	-0.10991464	-0.13887894	-0.119997375	0.18569766	-0.15835118	0.05909766	0.14567702	0.2033551
-0.21693774	0.18106768	0.1580432	0.1271237	0.1745343	-0.11177336	0.19858596	0.21606207	0.17379552	0.19421837	0.19244607	-0.2013701	0.17755966	-0.1834127	-0.17373	-0.12534717
-1.3861394	1.366208	1.2138304	1.2676833	1.287754	-1.1655425	1.2974141	1.3555917	1.2059978	1.4245672	1.2894915	-1.220513	1.1418247	-1.2961603	-1.2188641	-1.3601879
-0.31249306	0.30776048	0.23647422	0.32698515	0.30681613	-0.30053252	0.2696678	0.3136562	0.28559723	0.28396603	0.2935843	-0.32288772	0.27590024	-0.2521456	-0.2335078	-0.31481847
0.12464533	-0.13182229	-0.1094752	-0.09321569	-0.0942933	-0.0686283	-0.13119482	-0.15085816	-0.16343436	-0.13820253	-0.07538591	0.027789839	-0.029490754	0.15530749	0.10957964	0.038490865
1.3172197	-1.1908315	-1.1719835	-1.0804528	-1.0309966	0.6269765	-1.2172477	-1.2663921	-1.1846107	-1.1871645	-1.1569808	1.1018245	-0.9257866	1.3131697	1.0636368	1.152809
-0.20362367	0.12573491	0.12821248	0.17238612	0.17436372	-0.10291013	0.13905214	0.17444564	0.18505132	0.18407296	0.15191282	-0.10142184	0.14417	-0.19372748	-0.16746838	-0.19368431
0.49967518	-0.4045845	-0.47429562	-0.43798086	-0.38063768	0.34873685	-0.481282	-0.40280566	-0.39317375	-0.4841486	-0.4401917	0.43430093	-0.39737067	0.43420613	0.39378443	0.45423326
-0.09184114	0.106995896	0.07373259	0.088857	0.08271486	-0.0785408	0.14499465	0.083646916	0.12853463	0.15738164	0.07986263	-0.055531714	0.033715475	-0.05666342	-0.091854766	-0.083397254
1.0746357	-1.0233357	-0.99937767	-0.91508025	-0.90202194	0.6869522	-0.9855499	-1.0105761	-1.041859	-1.054782	-1.0200436	0.897309	-0.87565553	1.0881875	0.90717894	0.9291143
-0.29349926	0.3820491	0.2664678	0.33182606	0.31482372	-0.38617676	0.30495825	0.3221101	0.33036315	0.35175335	0.3063369	-0.39120993	0.31294733	-0.3015532	-0.3613342	-0.34988663
0.45791817	-0.36263967	-0.41445017	-0.33920494	-0.33380267	0.14248349	-0.383849	-0.3798359	-0.4165506	-0.41681504	-0.36354482	0.3342303	-0.24382627	0.4758844	0.31094342	0.34622994
-0.41414067	0.30291203	0.33295494	0.36537173	0.24937537	-0.26291567	0.32839847	0.33257	0.2975886	0.30356956	0.23895624	-0.2710532	0.22317661	-0.2924463	-0.25419173	-0.39453694
0.014040768	0.08367959	-0.015005353	0.008835984	0.08623974	-0.15054217	0.007474579	0.030916601	0.06360516	0.04987474	-0.0051802984	-0.07456844	0.04625523	0.01390276	-0.012825615	-0.07259115
-1.0002724	0.9605994	0.8976449	0.898444	0.8395781	-0.8228744	0.91515726	0.9122365	0.87686765	0.9993015	0.8521155	-0.8812056	0.78792906	-0.8540584	-0.8514184	-0.9580395
0.22227843	-0.22015753	-0.20998369	-0.12922074	-0.16070011	0.1699623	-0.17340742	-0.14986557	-0.191859	-0.20017463	-0.22219801	0.13405073	-0.12446327	0.22520988	0.18012151	0.13488372
-0.40925416	0.33849046	0.3699389	0.34906414	0.35359	-0.33280918	0.32775718	0.42553505	0.35636094	0.4194748	0.35178676	-0.37677738	0.35589835	-0.33503658	-0.29851544	-0.36460486
-0.62066376	0.5890723	0.5080687	0.5542229	0.5745243	-0.4953708	0.511744	0.6095316	0.59703094	0.6268587	0.5093116	-0.5772133	0.51741606	-0.47324494	-0.54797727	-0.5615763
-0.33164865	0.3045681	0.3195647	0.2700563	0.2686425	0.1799351	0.35459965	0.30011186	0.39036137	0.3055603	0.2924496	-0.30057678	0.15437503	-0.40479684	-0.31443638	-0.23661043
-0.65957844	0.59747636	0.634504	0.561029	0.5240116	-0.49633926	0.6376046	0.5995317	0.5946948	0.65560776	0.5823405	-0.57496196	0.4742352	-0.6357435	-0.5438008	-0.62764186
0.8227264	-0.8129451	-0.769688	-0.7888462	-0.776967	0.6129303	-0.7568135	-0.7966832	-0.7620488	-0.7563298	-0.73644537	0.72560567	-0.6409518	0.8056055	0.7503745	0.7857257
0.7475864	-0.7916663	-0.6960426	-0.72374725	-0.6718392	0.46334252	-0.77763075	-0.71660215	-0.68216527	-0.7981531	-0.695538	0.6395194	-0.55265564	0.73055327	0.7389199	0.7233037
0.4221901	-0.4093261	-0.41984916	-0.39739868	-0.33455122	0.30533206	-0.34330872	-0.38197637	-0.39181596	-0.42014804	-0.38236788	0.34552497	-0.35750547	0.41033766	0.39746878	0.37930956
0.026394151	0.049365297	-0.031966843	0.0560357	0.07055119	-0.42262015	-0.11887803	-0.044502143	-0.03816875	-0.012893371	0.095798194	-0.102222264	0.14332911	0.1283078	0.029220095	-0.05508131
0.11588749	-0.12112456	-0.12810116	-0.051765494	-0.07565457	-0.008778474	-0.1496491	-0.109698236	-0.13446292	-0.16329348	-0.115785316	0.053983133	-0.12403777	0.15004362	0.08845768	0.08340685
0.40955353	-0.5187472	-0.41777122	-0.5494993	-0.49543124	1.0384872	-0.34642872	-0.4822128	-0.37013027	-0.47308987	-0.36328843	0.5034023	-0.5604325	0.26766798	0.38670143	0.6191848
0.30378425	-0.20587038	-0.19342887	-0.24454026	-0.15480095	0.07158259	-0.28629985	-0.23816714	-0.22496963	-0.2140141	-0.20597568	0.20344988	-0.16939951	0.28066164	0.21894038	0.22260457
0.23070824	-0.3066094	-0.22545376	-0.30370504	-0.293018	0.23599866	-0.25604182	-0.2335819	-0.21846147	-0.29752237	-0.28733468	0.2460696	-0.28553116	0.27593789	0.25235465	0.24710919
-0.34463525	0.39676607	0.36238387	0.35824114	0.32656014	-0.37305617	0.36827126	0.36133695	0.33661348	0.44648302	0.3405285	-0.30567282	0.32755998	-0.21579917	-0.35522386	-0.41885537
-0.15857004	0.15144777	0.14526947	0.22185309	0.16749147	-0.39021856	0.06810582	0.15331224	0.04743902	0.20729701	0.12564163	-0.16339175	0.15505919	-0.014546525	-0.15295827	-0.16347066
-1.5034357	1.4335483	1.3404913	1.3755759	1.39784	-1.2304858	1.4009784	1.4848258	1.3285539	1.498383	1.3565881	-1.3211753	1.2863982	-1.3567504	-1.275088	-1.4126246
-0.68088686	0.6728706	0.6615434	0.7090086	0.66663593	-0.6559025	0.6753836	0.72787887	0.6439488	0.6958584	0.6467284	-0.65124214	0.6502592	-0.64522225	-0.61723465	-0.70620453
0.35021183	-0.37574127	-0.29903027	-0.354772	-0.30601674	0.19264418	-0.37464952	-0.37677163	-0.2692706	-0.28609496	-0.3044514	0.30319938	-0.2277764	0.27724501	0.3485445	0.26786152
0.70277137	-0.71948457	-0.67067033	-0.62978065	-0.64669764	0.5475249	-0.6834858	-0.63276386	-0.5918077	-0.6956356	-0.6451313	0.5858448	-0.5921488	0.66709703	0.61727685	0.6348411
-0.16427359	0.20232978	0.22739983	0.25654572	0.2539967	-0.3056791	0.1456803	0.19875702	0.20510264	0.19241159	0.24918531	-0.2554157	0.20482571	-0.16110963	-0.1651637	-0.21883936
0.04215599	-0.10104155	-0.055229317	-0.010276235	-0.004678248	0.033125807	-0.045276973	-0.049962666	-0.06882903	-0.042387847	-0.021594044	0.07199568	0.008627733	0.11796852	0.081330255	0.02916846
0.46618506	-0.3937836	-0.43555835	-0.3496606	-0.39141682	0.15679531	-0.42128268	-0.41073325	-0.43020993	-0.44127294	-0.34763587	0.3662115	-0.3310272	0.52181053	0.3745481	0.3255229
0.39650443	-0.31561312	-0.3339495	-0.2600252	-0.29141024	0.11259928	-0.331531	-0.38583195	-0.3777015	-0.35488403	-0.26549587	0.24017055	-0.2843919	0.40208405	0.2875309	0.30068856
-0.61514866	0.6037042	0.5811329	0.56940097	0.555936	-0.58503556	0.5281367	0.6254321	0.5157111	0.6461951	0.48159128	-0.5685876	0.5505034	-0.49840942	-0.49741885	-0.64916193
-0.27841005	0.21332812	0.28470114	0.3043626	0.23102748	-0.28140885	0.28001115	0.2976569	0.18287922	0.2519886	0.26718047	-0.24353035	0.20988493	-0.23245338	-0.25484726	-0.2979045
0.23190588	-0.28709275	-0.25592536	-0.4101452	-0.39349288	0.9668241	-0.10230143	-0.26775435	-0.23095669	-0.32726422	-0.30328104	0.37188238	-0.4559352	0.0967417	0.21956627	0.5246832
0.07558154	-0.034009762	-0.06669214	-0.032023806	-0.015959252	-0.052382886	-0.101637535	-0.050187826	-0.1035896	-0.029621376	-0.053531207	0.054882657	-0.05734382	0.072806925	0.06724675	-0.013573476
0.76789653	-0.71359	-0.6561829	-0.6483491	-0.6503602	0.49780768	-0.696267	-0.6783517	-0.6908582	-0.72672826	-0.6631338	0.6859177	-0.57423717	0.7062267	0.64239424	0.61182576
0.16664939	-0.18432607	-0.18148331	-0.19160253	-0.096885026	0.08942141	-0.23724629	-0.16122025	-0.22507116	-0.22497271	-0.124652535	0.1826656	-0.12442529	0.18026327	0.18662733	0.22109064
0.43563858	-0.5206456	-0.46358567	-0.40047437	-0.42773592	0.37164265	-0.4726166	-0.51045054	-0.42764425	-0.46657678	-0.4934957	0.461156	-0.37813795	0.54205203	0.48609817	0.42377943
0.21658026	-0.25541037	-0.20045054	-0.18983507	-0.09783636	-0.111474715	-0.24519299	-0.26367414	-0.26896274	-0.16002059	-0.21695389	0.11296418	-0.11506207	0.33390456	0.23950528	0.09084138
-0.122678146	0.10245999	0.05546541	0.14489666	0.0579061	-0.15618138	0.085434295	0.09284929	0.10882483	0.056683764	0.037099905	-0.05193361	0.054089192	-0.048580285	-0.031194936	-0.13522321
0.34049797	-0.3498129	-0.38702443	-0.3532127	-0.27444863	0.23628615	-0.37604934	-0.3765218	-0.30262166	-0.31828353	-0.36078238	0.34770218	-0.26123917	0.3506323	0.32678288	0.28051266
0.4890547	-0.5441907	-0.4908332	-0.51348495	-0.48273805	0.42173252	-0.5127364	-0.54949963	-0.477452	-0.4765881	-0.45768693	0.49530235	-0.46565852	0.54236156	0.42014116	0.50332505
-0.5896443	0.682624	0.6336885	0.64106524	0.63739	-0.6452843	0.5378957	0.6483728	0.56110966	0.6014735	0.68916905	-0.61772484	0.5765023	-0.53447247	-0.5802704	-0.6195508
0.61615956	-0.6578123	-0.6188756	-0.62680775	-0.5033897	0.3448192	-0.6641435	-0.68710816	-0.59226364	-0.6208501	-0.5212963	0.49403346	-0.50877106	0.65029454	0.53769743	0.58374786
0.10029859	-0.087703735	-0.069586545	-0.11611612	-0.12884286	0.10500902	-0.12717903	-0.096274026	-0.15030119	-0.0586696	-0.12369511	0.14519617	-0.10404795	0.15122373	0.11364284	0.023612948
0.49663302	-0.47435132	-0.41992772	-0.3974025	-0.34864217	0.19350724	-0.41939768	-0.47994548	-0.4752866	-0.45024785	-0.39604142	0.41221893	-0.28872275	0.504522	0.3557226	0.35716784
1.4624413	-1.4568104	-1.2907128	-1.3405331	-1.2923415	1.2024317	-1.2912599	-1.434924	-1.3573166	-1.3922203	-1.306235	1.3045378	-1.2075658	1.4245726	1.2696643	1.3272785
-0.20725933	0.26721847	0.22246876	0.23739547	0.24484949	-0.2406356	0.18453193	0.17922743	0.21315166	0.21709456	0.19941445	-0.2392494	0.171575	-0.21164195	-0.2263519	-0.20730636
-0.4988386	0.45423403	0.40208927	0.41567338	0.4253129	-0.3979001	0.44831306	0.49328274	0.42824912	0.40818694	0.4151146	-0.41103035	0.40384856	-0.43381065	-0.35327426	-0.42384312
0.33257315	-0.24964064	-0.26299754	-0.28865457	-0.20084952	0.09583184	-0.32371134	-0.25617528	-0.26267806	-0.29688692	-0.25162965	0.19065551	-0.23499808	0.29929072	0.25764826	0.22879604
-0.29836568	0.29761708	0.29404607	0.28270704	0.19870411	-0.27848324	0.2508152	0.29456326	0.26128316	0.24495631	0.22391124	-0.22451909	0.20389211	-0.28962904	-0.20486718	-0.29798916
0.7469252	-0.7469978	-0.6746206	-0.63904506	-0.6292454	0.3625705	-0.7339356	-0.7406839	-0.73578525	-0.76056516	-0.7103424	0.65083706	-0.5641404	0.7853232	0.71276784	0.7208153
0.3994971	-0.46268776	-0.36091954	-0.3226587	-0.36255172	0.12282617	-0.38743648	-0.42878795	-0.41214803	-0.42556116	-0.40606713	0.31340876	-0.29509544	0.4193026	0.35952944	0.3077225
0.4055304	-0.36597186	-0.38450345	-0.30563295	-0.30954623	0.21548963	-0.34781784	-0.36249352	-0.36467907	-0.3319645	-0.3804127	0.30815908	-0.27067414	0.36990097	0.3415121	0.34422365
0.682357	-0.62302035	-0.6286624	-0.56173116	-0.5581002	0.38055518	-0.661337	-0.6305364	-0.6597166	-0.65512055	-0.550273	0.56909287	-0.53782135	0.65607613	0.61663985	0.62092406
0.32434472	-0.20904067	-0.2873804	-0.2526292	-0.2225175	0.10803244	-0.29137382	-0.222366	-0.27439836	-0.3030967	-0.29536694	0.24624623	-0.1512738	0.29601732	0.2962839	0.1662532
-0.034200538	-0.033233438	-0.03762786	-0.039458286	-0.023284748	0.051861607	-0.019833582	0.009188993	-0.055098534	-0.04670085	-0.090001106	0.020918155	-0.0476992	0.023613391	-0.005226276	-0.030515848
0.84023094	-0.8735263	-0.796607	-0.82315767	-0.76449955	0.6277699	-0.7843777	-0.8409523	-0.74649316	-0.8672307	-0.8025443	0.80981076	-0.671371	0.81740934	0.75074136	0.7723531
-1.4162798	1.4238518	1.2850211	1.384045	1.3197645	-1.2610015	1.3357877	1.4109303	1.3637565	1.4785815	1.3018135	-1.3534676	1.179341	-1.3374715	-1.3099669	-1.4095594
-0.15611897	0.20723945	0.17048895	0.23866612	0.22541493	-0.48107624	0.111914635	0.23080008	0.18057473	0.1974724	0.24965507	-0.278461	0.29245645	-0.08460868	-0.15036692	-0.25677225
-0.47376716	0.5691852	0.4625929	0.47531053	0.53733927	-0.5981595	0.50151294	0.53115755	0.4513463	0.49725637	0.46865842	-0.5379355	0.4766226	-0.48086324	-0.46718636	-0.54673976
0.4982015	-0.47031277	-0.48586607	-0.42581534	-0.4537083	0.20866129	-0.5465518	-0.5106973	-0.4525243	-0.42899123	-0.44516152	0.43679494	-0.37699178	0.5364722	0.40961468	0.44361794
0.54575765	-0.4295517	-0.4617516	-0.4240376	-0.33614257	-0.014185334	-0.57727766	-0.4566083	-0.48531184	-0.43725607	-0.37928334	0.38012564	-0.23167008	0.60943973	0.45120227	0.38371047
0.6911539	-0.65709656	-0.68913114	-0.6705882	-0.5906521	0.57040167	-0.6955783	-0.7287064	-0.6556634	-0.70017993	-0.57032335	0.6385287	-0.5673609	0.7095729	0.5663688	0.68030983
0.559839	-0.5802697	-0.49421704	-0.51831484	-0.5080182	0.51723313	-0.53437304	-0.571709	-0.5304903	-0.55678165	-0.5548121	0.5727882	-0.5589279	0.5192402	0.538736	0.5576016
-0.61773884	0.6305652	0.52353954	0.587482	0.6213077	-0.68044156	0.49294904	0.5639071	0.55983144	0.6256022	0.5769091	-0.53227514	0.55020934	-0.53451407	-0.5210539	-0.6279311
0.35711557	-0.39226735	-0.41274652	-0.34008777	-0.3103929	0.019458214	-0.357149	-0.39786807	-0.40816775	-0.37353542	-0.29884475	0.27400023	-0.21526507	0.4821373	0.34285572	0.29275686
-0.16780442	0.18935841	0.17096713	0.23128036	0.18409371	-0.24224159	0.121393315	0.16186817	0.16426435	0.18156587	0.15680306	-0.18803811	0.23490785	-0.11241729	-0.14962444	-0.2230304
-0.42160553	0.45544785	0.46523175	0.4032185	0.37120616	0.08850069	0.4517027	0.4406906	0.45342788	0.47780234	0.46466067	-0.39829654	0.2662572	-0.5480217	-0.43014786	-0.37761194
-0.3421654	0.35932484	0.35067898	0.35998937	0.35348046	-0.31596783	0.35168776	0.35335535	0.30639243	0.42557943	0.3317441	-0.39194983	0.34800753	-0.32368585	-0.36016956	-0.34382552
-0.78337276	0.8318131	0.6958472	0.71778023	0.7341989	-0.66121644	0.72110707	0.81991816	0.6840367	0.7597361	0.7609183	-0.6907268	0.6815866	-0.69687593	-0.6972921	-0.76227945
0.0030924045	-0.09500222	0.0044053807	-0.15371187	-0.12568603	0.73043746	0.05084389	-0.07988496	0.06773308	-0.03323405	-0.05214048	0.15332852	-0.2720123	-0.15602599	-0.038181394	0.21422626
-0.2507464	0.2643953	0.18163487	0.17956272	0.19838834	-0.26942143	0.18404844	0.27370232	0.2396356	0.20480014	0.21168335	-0.22237496	0.22975372	-0.24638456	-0.23715173	-0.18875244
0.5711297	-0.4897209	-0.44428355	-0.48307568	-0.514766	0.36681217	-0.4857622	-0.4827327	-0.5149894	-0.47961718	-0.5190782	0.45293286	-0.47261867	0.56857187	0.45778558	0.43643075
-0.11305891	0.123405315	0.15123947	0.14649881	0.1566581	-0.16132513	0.10261215	0.18716316	0.0985836	0.19153832	0.13786255	-0.16559689	0.15427262	-0.059147336	-0.14726923	-0.12345639
-0.115715384	0.1192195	0.06400837	0.14124942	0.17169416	-0.24750957	0.02193134	0.096268736	0.10399696	0.085918896	0.11906424	-0.07984491	0.14979413	-0.049218643	-0.068100646	-0.12958038
-0.6907253	0.67049384	0.6954696	0.6337775	0.5450398	-0.20796473	0.7089861	0.7160497	0.71379673	0.65333426	0.66824126	-0.61369467	0.5167823	-0.72597086	-0.65382826	-0.66071975
-0.24142703	0.24679984	0.2835769	0.22623621	0.2064113	-0.2225964	0.22657506	0.2822438	0.26662847	0.22998357	0.22555852	-0.21349387	0.2289385	-0.23772192	-0.18431172	-0.23695365
-0.551457	0.6034025	0.56899685	0.64853835	0.65555286	-0.72031903	0.506321	0.5522569	0.50923926	0.58795315	0.6003328	-0.67250746	0.6170115	-0.45307165	-0.51468027	-0.6410043
1.064906	-0.9699339	-0.95406973	-0.9778292	-0.9288647	0.70105714	-0.916784	-1.0050087	-0.95542854	-1.0033108	-0.9911168	0.9544585	-0.7911866	1.0052243	0.8837083	0.8969272
0.7240079	-0.6756097	-0.6550025	-0.62512845	-0.6389167	0.4388132	-0.71774405	-0.68445826	-0.6128964	-0.6848196	-0.6164265	0.63418865	-0.5565988	0.72322065	0.6707491	0.6643004
-0.1046507	0.104389146	0.066716455	0.14508764	0.13502641	-0.12574485	0.14737388	0.120020606	0.060818482	0.090227894	0.090925954	-0.14503062	0.08278656	-0.074857965	-0.069366574	-0.12274409
-0.19716594	0.26502737	0.19778974	0.31473136	0.27949852	-0.34093764	0.21644011	0.29602468	0.21617456	0.32330486	0.23153311	-0.26943398	0.26738536	-0.22756508	-0.21867998	-0.31708792
1.1248333	-1.0552455	-1.0095744	-0.9403261	-0.8984252	0.5928603	-1.0109342	-1.0649018	-1.0553957	-1.1193208	-0.9686588	0.9606871	-0.8092084	1.1290281	0.96956515	0.9885027
-0.35554937	0.431983	0.36713406	0.42486566	0.3402209	-0.5577957	0.3454395	0.32071674	0.34053457	0.35907966	0.35530537	-0.43791112	0.44622838	-0.28285292	-0.3317507	-0.37752166
-0.40847337	0.39673895	0.34116048	0.38900757	0.34516725	-0.40876678	0.42583847	0.3695137	0.37594882	0.45444113	0.3436812	-0.3986322	0.3697084	-0.40558514	-0.37742597	-0.36820135
0.84296703	-0.82308584	-0.8247884	-0.8467668	-0.7989952	0.61322373	-0.84285647	-0.84775543	-0.75379276	-0.83529323	-0.7463957	0.7563137	-0.6779865	0.7994457	0.7550074	0.81895643
-0.5398156	0.45343804	0.45901927	0.5077393	0.4776534	-0.46712	0.43280554	0.4789121	0.4837637	0.48040506	0.4017221	-0.49584353	0.40383062	-0.39907464	-0.46998432	-0.4609839
-0.84934205	0.92386353	0.8288854	0.8702461	0.86272234	-0.62158406	0.8575429	0.8387342	0.875345	0.8516616	0.83582824	-0.7988705	0.75028163	-0.8455493	-0.78012866	-0.7958567
0.3156198	-0.31594172	-0.36152896	-0.3286743	-0.27268976	0.15849036	-0.3185268	-0.3896245	-0.3780513	-0.3560661	-0.37035105	0.26983118	-0.23849204	0.33772993	0.28360876	0.2525009
1.3825217	-1.3213722	-1.2642882	-1.2596904	-1.2425117	1.0208645	-1.2288563	-1.2888994	-1.2364972	-1.356099	-1.2778907	1.2040524	-1.092156	1.274141	1.2376398	1.2791066
0.6636698	-0.64213425	-0.6145386	-0.5823698	-0.63748646	0.36871484	-0.6718994	-0.6876635	-0.6639076	-0.6888621	-0.5976594	0.6189778	-0.4910883	0.6536775	0.6056709	0.6221466
0.6219992	-0.52746105	-0.51086855	-0.5633239	-0.5061057	0.38238382	-0.5864146	-0.6035536	-0.5688031	-0.5398823	-0.4925071	0.458099	-0.42234308	0.5213588	0.5227835	0.50860566
1.1282926	-1.0293081	-0.9391407	-0.9862566	-0.9298703	0.5350572	-1.0146133	-1.1041394	-1.0168426	-1.0640129	-0.9802071	0.9184902	-0.78984606	1.0472637	0.9637023	1.0041144
0.40388593	-0.3458192	-0.379668	-0.3350449	-0.30157617	0.33124635	-0.3498921	-0.37206408	-0.40704682	-0.33680516	-0.31241056	0.3895309	-0.36868748	0.42149088	0.33914894	0.32277706
0.4811367	-0.43649945	-0.45852652	-0.36769405	-0.42780617	0.28510034	-0.43683872	-0.49459833	-0.4875744	-0.5071006	-0.4529889	0.4318102	-0.3062793	0.4879402	0.41063088	0.3958704
0.96614254	-0.9387127	-0.89739954	-0.8010903	-0.7816745	0.20021972	-0.9841304	-0.94814193	-0.9337978	-0.982826	-0.8533128	0.82119477	-0.62924117	1.0113913	0.8783288	0.7815248
-0.2673604	0.27876413	0.21696867	0.2202209	0.2494056	-0.26092315	0.17316797	0.19256985	0.18886067	0.29733917	0.24511929	-0.25683796	0.19844311	-0.17037565	-0.24460198	-0.25281957
0.7228017	-0.7320934	-0.68522173	-0.6025135	-0.56077904	0.3607145	-0.7143574	-0.74710673	-0.6461223	-0.69156015	-0.642083	0.64491576	-0.56605864	0.6892962	0.6686987	0.59302086
0.3097676	-0.31501693	-0.31977016	-0.2707864	-0.30193937	0.21576342	-0.2767895	-0.3368196	-0.342326	-0.32460558	-0.25108072	0.32181427	-0.2696572	0.26344028	0.22311464	0.3211618
1.3968527	-1.3365356	-1.3342487	-1.3240136	-1.2477432	0.9757935	-1.3277355	-1.3752148	-1.2910637	-1.3764535	-1.3153644	1.2455325	-1.1684965	1.3062557	1.2646751	1.3559399
-0.6611614	0.6423344	0.63169074	0.65212464	0.561698	-0.63302785	0.6645763	0.64582396	0.6007267	0.689053	0.59646034	-0.57510394	0.5368242	-0.5961489	-0.63449866	-0.6585784
0.12848715	-0.16309027	-0.16822596	-0.15123928	-0.16448157	0.060832873	-0.17717132	-0.17220123	-0.11885695	-0.14914511	-0.19623184	0.13915569	-0.15111639	0.19642673	0.14348675	0.1330984
0.20523518	-0.16467845	-0.15714496	-0.15037271	-0.13488297	0.021399144	-0.22017595	-0.1735349	-0.1869009	-0.2063245	-0.18813108	0.19232275	-0.14044558	0.2607471	0.18243235	0.20349796
-0.36603928	0.40312687	0.37772763	0.40644357	0.39648876	-0.3484319	0.37196657	0.37136748	0.3811719	0.43513077	0.35334113	-0.39409244	0.2998753	-0.32457608	-0.28417975	-0.39435425
0.31045914	-0.28991362	-0.27912447	-0.27129313	-0.32260108	0.120174855	-0.30240214	-0.32427704	-0.32647026	-0.32988307	-0.35281435	0.29583287	-0.24798611	0.33646327	0.32236698	0.3206897
-0.3781842	0.35944745	0.3660831	0.39104083	0.38244447	-0.44516778	0.3073982	0.32725042	0.3188415	0.35198316	0.3979914	-0.40009096	0.38639483	-0.27100885	-0.39823863	-0.42014968
-0.50745255	0.552996	0.49636924	0.48824	0.54137856	-0.5817853	0.45006403	0.5268445	0.42570856	0.53767574	0.5293653	-0.5458338	0.45170495	-0.47352356	-0.4343345	-0.54987746
0.10684776	-0.07056919	-0.12076805	-0.10997155	-0.09938221	0.038748033	-0.12100765	-0.1396915	-0.12715633	-0.09300287	-0.09685723	0.10813363	-0.082097	0.086045735	0.096958265	0.10910483
0.124781355	-0.06995993	-0.0546533	0.0030321819	0.01021205	-0.18060564	-0.097602665	-0.08403347	-0.051835813	-0.047084607	-0.04253234	0.023598682	0.03921795	0.13498975	0.015150869	0.034330636
1.092083	-1.1288695	-1.0061957	-0.983554	-1.0156906	0.7977675	-1.0254139	-1.0776731	-1.0942675	-1.0936477	-1.0184569	1.0115904	-0.8857925	1.0367631	0.97986853	1.0317338
-0.020744672	0.00972663	-0.04581211	0.0009482411	0.013776922	-0.21315084	-0.03968423	-0.0123875905	0.031095622	0.009605751	0.011265747	-0.04873228	0.052922092	0.09449792	0.03064326	-0.035426512
-0.016974702	0.08565163	0.0073064207	0.06923901	0.04639217	-0.06939157	0.078847446	0.034199625	0.006861143	0.04128869	0.10748207	-0.051401593	0.088943444	-0.0016575665	-0.03968103	-0.05059219
0.039768267	-0.065120496	-0.10509853	-0.042198054	-0.055671405	0.026222149	-0.086970635	-0.08447303	-0.030610124	-0.08971801	-0.04022505	0.080424204	-0.07569904	0.1289383	0.070779935	0.022748511
0.46112925	-0.5068123	-0.4054059	-0.4119168	-0.4142709	0.37592694	-0.46504846	-0.4203238	-0.39408314	-0.48123664	-0.49079698	0.39720288	-0.3564255	0.50354904	0.43265423	0.43012372
-0.53261054	0.50316745	0.47382116	0.5150622	0.49972713	-0.49711162	0.4307085	0.46685457	0.46799776	0.5490548	0.47649312	-0.46739432	0.44862646	-0.39727706	-0.44056588	-0.52605313
0.053792015	-0.027146576	-0.09365278	0.016090386	-0.033574633	0.0061899195	-0.0795115	-0.059338998	-0.0074138828	-0.05486466	-0.102201514	0.06222871	-0.017466325	0.055925272	0.03309438	-0.024145475
-0.44466373	0.47563922	0.3979082	0.3908195	0.4274529	-0.46974647	0.45929506	0.46029785	0.43473452	0.507148	0.4270824	-0.396869	0.45152918	-0.37436903	-0.38817337	-0.4074885
0.0792364	-0.0075021116	-0.07049778	-0.056007855	0.021540143	-0.12239036	-0.061899114	-0.049443163	-0.034766022	-0.0632791	-0.023317462	0.056952465	0.062901415	0.07440543	-0.0044720657	0.023847913
0.37922248	-0.39879265	-0.3566473	-0.3429331	-0.31866628	0.31734246	-0.33007172	-0.336786	-0.35293326	-0.40615758	-0.42236522	0.35052764	-0.38170558	0.41669488	0.34025398	0.3736226
-0.7681734	0.82937264	0.7290501	0.7271293	0.71031034	-0.6964564	0.7552402	0.7803687	0.77817124	0.7856232	0.7117513	-0.74982816	0.65035707	-0.75434434	-0.68239385	-0.74113244
0.8238852	-0.8872106	-0.7796225	-0.8025262	-0.7329054	0.5878438	-0.8381845	-0.83201844	-0.83662635	-0.8246407	-0.7838861	0.72195673	-0.67393255	0.86048627	0.77540183	0.8121515
-1.2210475	1.211707	1.1154339	1.1031723	1.140917	-1.0235908	1.152174	1.25962	1.1488898	1.1996877	1.1076056	-1.1279141	1.0085967	-1.0878888	-1.0975449	-1.1449038
-0.6828143	0.6595401	0.6805229	0.66235024	0.61196125	-0.5641532	0.65770197	0.7156694	0.700509	0.6918522	0.6422996	-0.6476251	0.57887036	-0.6477503	-0.65023434	-0.69776416
0.11183798	-0.10469685	-0.1383415	-0.08903866	-0.076042175	0.006380991	-0.12523045	-0.06066559	-0.12842284	-0.08484316	-0.09950743	0.09044949	-0.01685887	0.10217405	0.10478167	0.054756112
-0.0042835176	-0.07196019	-0.045036666	-0.07257396	-0.0007797053	-0.0036249277	-0.046403896	-0.0008671014	-0.0021872236	-0.013860441	0.018186953	-0.024176951	-0.049398188	0.063232675	0.031073177	0.0034108004
0.59353757	-0.5790535	-0.53076893	-0.5925225	-0.56657916	0.3816502	-0.5443965	-0.5749648	-0.54151046	-0.6092661	-0.5469359	0.48392543	-0.50516146	0.66640276	0.50760865	0.55391955
0.19756426	-0.13714893	-0.20595182	-0.18799256	-0.14956154	0.21988688	-0.1195984	-0.12423221	-0.16785103	-0.1808151	-0.2281752	0.2014888	-0.17031081	0.18349108	0.19846275	0.14576772
-0.045302767	0.06770979	0.026311295	0.07314541	0.012874534	-0.09650376	0.055368334	0.016977947	-0.039122146	0.026893236	-0.03026656	-0.039294988	0.034110148	-0.012558142	0.0045644883	-0.045164976
1.1963812	-1.2721936	-1.0916845	-1.1407633	-1.0443563	0.8198604	-1.1404488	-1.2602315	-1.1757721	-1.2505136	-1.1702123	1.0953939	-0.9615176	1.1336668	1.0468547	1.109162
0.60293174	-0.55117345	-0.5166345	-0.5076482	-0.5671675	0.48983607	-0.54819053	-0.6068542	-0.5693028	-0.57614946	-0.52959156	0.49526855	-0.47811574	0.5553404	0.54862773	0.57852346
1.0978853	-1.0267812	-0.92355853	-0.8969518	-0.84723055	0.4963782	-0.9765673	-1.0740261	-0.99837804	-0.9964925	-0.9482444	0.8956527	-0.7802976	1.0578604	0.950076	0.94072425
0.49684632	-0.50322604	-0.4917588	-0.5122165	-0.45536387	0.31647223	-0.5358531	-0.5175761	-0.45038655	-0.477751	-0.46354118	0.42456585	-0.38350412	0.52641046	0.49220073	0.46601382
-0.23880798	0.21931222	0.21147959	0.1776149	0.16481365	-0.16913436	0.20543927	0.2723322	0.16695511	0.27190682	0.20283544	-0.2180182	0.21446419	-0.22857568	-0.21976116	-0.25388175
-1.3272231	1.2878972	1.1906445	1.2367517	1.1861168	-1.1311548	1.199398	1.2838211	1.1994306	1.2669392	1.2136414	-1.2085062	1.0896767	-1.1721091	-1.1693553	-1.2916461
0.68803585	-0.626252	-0.59003925	-0.6582388	-0.55455804	0.44892105	-0.6639642	-0.7044759	-0.59821105	-0.6578276	-0.6314356	0.5670695	-0.52257967	0.70102954	0.61146164	0.5972043
1.2419122	-1.191991	-1.1109649	-1.1168405	-1.0721254	0.8914149	-1.1418917	-1.2240282	-1.0651035	-1.1898867	-1.0972568	1.0696752	-1.007671	1.1186957	1.1067513	1.1051137
-0.5618558	0.59392715	0.5795735	0.5906533	0.52101594	-0.33319563	0.55699027	0.5926154	0.5662744	0.560753	0.5888047	-0.49972734	0.5228618	-0.5214617	-0.5004696	-0.589382
1.3307401	-1.2932767	-1.1849792	-1.1708739	-1.1445185	0.99338526	-1.1802552	-1.2768693	-1.21384	-1.3306633	-1.1595508	1.2196059	-1.040761	1.2276176	1.1899275	1.2820503
1.3475493	-1.3283979	-1.224234	-1.2355044	-1.2331848	0.9499171	-1.2551433	-1.3344431	-1.286688	-1.2981764	-1.1860825	1.1833647	-1.0962088	1.3111508	1.1706104	1.2026837
-0.2199522	0.15471967	0.16726531	0.22047122	0.19751416	-0.24033186	0.1630106	0.20629041	0.21046549	0.20254274	0.1313835	-0.18809137	0.20140797	-0.13107213	-0.16073674	-0.26705986
0.5434069	-0.6163046	-0.5259621	-0.5218039	-0.48503694	0.5207773	-0.559334	-0.5315051	-0.48935097	-0.53294003	-0.5333115	0.4876415	-0.49656907	0.5927411	0.5016858	0.51603585
0.6107111	-0.592131	-0.55626935	-0.49020487	-0.54535466	0.37901875	-0.53392744	-0.57278776	-0.501963	-0.5483034	-0.5213266	0.5346567	-0.47550523	0.5806913	0.47770113	0.4913679
0.11181057	-0.18387294	-0.10127192	-0.09668854	-0.13012297	0.11689949	-0.064819835	-0.10633777	-0.07772759	-0.10791004	-0.08755888	0.11606937	-0.12001974	0.119376816	0.14131841	0.12474652
-0.10290987	0.14312758	0.053532314	0.18481877	0.102541625	-0.2653032	0.03968585	0.15741879	0.035677537	0.12598267	0.069259256	-0.12753546	0.12570661	0.002444705	-0.08346168	-0.19044566
-0.5850352	0.598605	0.50475246	0.58735	0.55388457	-0.57685024	0.5749237	0.5999187	0.49486893	0.6358476	0.58509725	-0.5176416	0.5374034	-0.52092284	-0.48846778	-0.57253087
0.20045727	-0.20094502	-0.21041386	-0.20515926	-0.13837865	0.11910646	-0.20631367	-0.22106588	-0.16141881	-0.22393969	-0.1546249	0.23309086	-0.18794161	0.21283893	0.16337639	0.1805823
1.057999	-1.0641881	-1.0024356	-0.9276389	-0.8687445	0.50082463	-1.0435885	-1.0364782	-0.9595626	-0.99237865	-0.9678414	0.9366817	-0.8439906	1.0618254	0.95136017	0.98249745
0.42254096	-0.5335109	-0.47643033	-0.44778472	-0.49052167	0.46338916	-0.4443911	-0.5013033	-0.47498822	-0.5172888	-0.5221706	0.45819977	-0.5237901	0.4506361	0.44066367	0.44149703
-0.18571271	0.21393605	0.188429	0.2074179	0.24766925	-0.37416527	0.24904647	0.25337285	0.24738191	0.20997624	0.21124598	-0.19960316	0.18690582	-0.1789673	-0.15725803	-0.31130078
-1.0482217	1.0546653	0.99324393	1.0307747	1.0071108	-1.0032433	0.98339	1.0694144	0.97126234	1.1218075	1.0027878	-1.0124265	0.95237035	-0.9863541	-0.99476546	-1.0924329
-0.23532891	0.22873998	0.23808858	0.19583456	0.24887927	-0.21842954	0.2724963	0.23464343	0.24527891	0.2168684	0.2084385	-0.19003396	0.2296142	-0.25473464	-0.20682879	-0.21767877
-0.19742967	0.2758774	0.17542037	0.310546	0.30428094	-0.5505056	0.08059679	0.22428188	0.09693189	0.18933918	0.24731466	-0.3220139	0.26532963	-0.09246757	-0.21809207	-0.2713938
0.40213728	-0.42050695	-0.39099386	-0.32757437	-0.37638956	0.27470294	-0.3512949	-0.40045655	-0.35876435	-0.3629946	-0.4048435	0.3190634	-0.33939183	0.34663233	0.34070596	0.34993243
0.15032895	-0.14654332	-0.14736973	-0.08483991	-0.17093495	0.09760265	-0.10330356	-0.146471	-0.11073031	-0.08719482	-0.11057097	0.11282416	-0.120232806	0.14121325	0.16490158	0.13818738
-0.59663	0.5037054	0.5093276	0.5478967	0.5021689	-0.5000543	0.49800897	0.5660159	0.48383582	0.55229914	0.517498	-0.4790494	0.5090873	-0.48330188	-0.55220723	-0.56761086
1.0797918	-1.0276457	-0.9367675	-0.9887318	-0.9611648	0.67715997	-0.9937461	-1.0878993	-1.0008003	-1.0247251	-0.98784405	0.9129144	-0.8644633	0.97189337	0.97301704	0.93865144
0.427041	-0.36145636	-0.40095	-0.22524367	-0.25534138	-0.1540925	-0.38502502	-0.40327042	-0.3566651	-0.30742785	-0.28797093	0.21919818	-0.19581477	0.45764527	0.3253077	0.2505821
1.0258262	-1.0014414	-1.0292944	-0.99851346	-0.95928174	0.8413048	-0.9637936	-0.9920419	-0.95109564	-1.0684917	-0.94748795	0.9270389	-0.8491939	1.0025234	0.9489568	0.9965461
0.8198354	-0.7524799	-0.7320483	-0.58697015	-0.5954876	-0.14496414	-0.8329857	-0.76401925	-0.76411813	-0.7505391	-0.6459899	0.5547833	-0.380448	0.8831256	0.6844499	0.62597233
0.53921586	-0.538518	-0.5217624	-0.522102	-0.43616802	0.10067094	-0.61009765	-0.60043824	-0.5450192	-0.51476914	-0.5302128	0.4210447	-0.3711402	0.60735166	0.49600276	0.49010488
1.1546079	-1.1557487	-1.0676818	-1.0242704	-1.0343761	0.92091376	-1.0559894	-1.1549946	-1.0572035	-1.1254873	-1.0790777	1.0505683	-0.9893668	1.0698216	1.0238773	1.1200247
0.1836456	-0.19431277	-0.21102199	-0.21460518	-0.14416173	0.17511265	-0.1955673	-0.18494783	-0.20097584	-0.1592874	-0.18895039	0.1809217	-0.16601187	0.17674875	0.18883298	0.19688126
-0.74635595	0.7684828	0.6915413	0.6419003	0.656557	-0.5511208	0.6542598	0.7319552	0.7062927	0.7753507	0.68667823	-0.6592955	0.61951524	-0.62746245	-0.5784796	-0.7116005
-0.50072026	0.6022581	0.47201297	0.5837518	0.510078	-0.6008339	0.495458	0.5777142	0.5280233	0.5533083	0.55162936	-0.5535067	0.559504	-0.50632507	-0.5407015	-0.5428728
-0.22079222	0.19091822	0.16437748	0.23611724	0.21849705	-0.27685854	0.12240644	0.15261437	0.19158295	0.179011	0.21994315	-0.21083346	0.23310341	-0.09019519	-0.12069126	-0.2515825
-1.1796957	1.178	1.0501841	1.0996915	1.0833344	-1.0264164	1.1304023	1.1695701	1.1111184	1.2185134	1.1548225	-1.0896946	0.9972561	-1.0845733	-1.0441468	-1.1307983
-0.4860352	0.41171432	0.4171956	0.46316177	0.44517595	-0.40010977	0.4042386	0.4329018	0.43676	0.46701914	0.4398282	-0.40232635	0.41228852	-0.33380923	-0.38350874	-0.42596623
0.003454974	-0.029705824	0.0052971607	0.06753486	-0.018381635	-0.20420878	-0.03881598	-0.038484063	-0.07881131	-0.02644077	0.014045497	-0.0034289027	0.06899621	0.09514453	-0.010834767	-0.09049948
0.5164751	-0.49307442	-0.41617733	-0.47221014	-0.44210255	0.34375638	-0.47174513	-0.49712154	-0.48313364	-0.4609224	-0.38157776	0.43503702	-0.3508931	0.5161011	0.460305	0.43806985
1.1107831	-1.1899186	-1.0858014	-1.1093787	-1.0338097	1.01449	-1.0571936	-1.1452562	-1.0325394	-1.117517	-1.1106323	1.1061382	-1.0208044	1.0691941	1.0263015	1.0737532
-1.4035612	1.3607674	1.2534294	1.3134758	1.2603327	-1.1728528	1.3333194	1.3937107	1.2648944	1.3780783	1.2733382	-1.3229303	1.1542906	-1.33519	-1.2182065	-1.3464023
0.18203713	-0.11549743	-0.12867212	-0.07042624	-0.12300079	-0.06040632	-0.14222208	-0.14172865	-0.15457776	-0.1716623	-0.06972609	0.14321718	-0.042351518	0.2571594	0.111772075	0.07597512
-1.4838742	1.3984282	1.3454491	1.4132261	1.3219515	-1.2456455	1.3546839	1.4599259	1.3898418	1.459588	1.3126183	-1.3322668	1.2933811	-1.3676225	-1.3065715	-1.4532653
-1.417577	1.43533	1.2837228	1.3629614	1.2553363	-1.157665	1.3463844	1.3361005	1.2596462	1.4421701	1.2925651	-1.2465214	1.187278	-1.3218982	-1.2848449	-1.3163077
-1.1626605	1.2587405	1.1027262	1.2199535	1.1426617	-1.0417224	1.1478237	1.2409453	1.1528721	1.2638543	1.1889323	-1.1872357	1.0912695	-1.1096029	-1.0824608	-1.1892174
1.0246038	-1.0724446	-1.0092093	-0.9777093	-1.026629	0.96595186	-0.9718601	-1.0202092	-0.94657415	-1.0739063	-1.0293863	0.95664865	-0.96669006	0.98572016	0.9286408	0.98149914
-0.15933433	0.11781283	0.18625823	0.19839022	0.11342591	-0.11414788	0.17946172	0.11203976	0.0971052	0.17825696	0.17721286	-0.111460686	0.10791054	-0.14656441	-0.16174763	-0.18676805
0.216354	-0.20157628	-0.15887842	-0.2247779	-0.235389	0.14211199	-0.23008244	-0.1909559	-0.18251532	-0.19376636	-0.21648692	0.21300486	-0.15317003	0.25303313	0.1598764	0.21948606
0.19368657	-0.23560381	-0.23102272	-0.17394364	-0.15030704	0.14191322	-0.23419969	-0.1948874	-0.16126381	-0.20679617	-0.16526371	0.14340565	-0.19167778	0.20151372	0.19931085	0.17040773
-0.12787777	0.14327852	0.11464641	0.15537299	0.112090595	-0.15526065	0.16092394	0.11158109	0.10686056	0.17619504	0.17211582	-0.14667575	0.1694746	-0.16193101	-0.0930429	-0.1674753
1.238711	-1.2898647	-1.1089544	-1.1424031	-1.1724825	0.958402	-1.2212692	-1.288925	-1.1561357	-1.2302669	-1.1671625	1.0978142	-1.0207281	1.2063004	1.1608196	1.1936637
0.50385237	-0.545796	-0.49320993	-0.47397175	-0.4761366	0.3708718	-0.44889197	-0.50176686	-0.44624913	-0.4962568	-0.4848721	0.43094712	-0.37670437	0.42074075	0.47332883	0.4258679
0.19442162	-0.12590326	-0.16727589	-0.112692855	-0.13020408	-0.08457854	-0.1776806	-0.12030832	-0.16000329	-0.1509274	-0.12335663	0.0971268	-0.07742745	0.2733349	0.16451578	0.07341447
-0.26051775	0.23426427	0.24477531	0.27702165	0.25181657	-0.27000263	0.25549722	0.27756163	0.23505862	0.2500918	0.2882869	-0.25308362	0.27246302	-0.2631653	-0.200143	-0.32100868
0.7845035	-0.6619605	-0.7214061	-0.5557905	-0.534528	0.08460129	-0.69765866	-0.72053885	-0.6645149	-0.67516863	-0.68742096	0.5679907	-0.47513247	0.81597036	0.6843812	0.5825717
1.1512033	-1.1646445	-1.074545	-1.0938786	-0.9958285	0.8570104	-1.085586	-1.0956246	-1.0691595	-1.1904118	-1.1078141	1.0521537	-0.9574175	1.0450063	1.028141	1.1042382
-0.043755967	0.03477586	-0.011540122	0.07763048	0.07430846	-0.065430425	0.024881141	0.012147596	0.058896802	0.014910916	0.027568184	-0.031338073	0.048362304	-0.058446717	-0.009297952	-0.041401986
0.6472751	-0.6741362	-0.58841014	-0.5899746	-0.61854744	0.46279892	-0.6569237	-0.7166587	-0.5985415	-0.7272191	-0.66151863	0.56993616	-0.50808907	0.6881467	0.5663888	0.6481706
1.2433128	-1.2911464	-1.0993426	-1.123332	-1.1017743	1.0684819	-1.2027589	-1.2742031	-1.1485587	-1.2837459	-1.1763898	1.1396621	-1.0723655	1.149746	1.1519282	1.2441828
0.91412264	-0.86298347	-0.87428916	-0.89396435	-0.7913044	0.7750811	-0.84550977	-0.8753022	-0.8320891	-0.8554516	-0.8157445	0.8018357	-0.73000807	0.81282914	0.8258582	0.8103965
1.0397016	-1.0518082	-0.9250211	-0.9437048	-0.9110174	0.7041703	-0.9636642	-1.0335066	-0.9096608	-1.0120007	-0.9826252	0.88427407	-0.8604512	1.0103941	0.9282049	0.98196137
-0.5351132	0.48613185	0.37813985	0.5082448	0.42153427	-0.48219693	0.4057943	0.4726667	0.3803246	0.52743894	0.48073423	-0.4697334	0.4042088	-0.39741883	-0.44734788	-0.5198335
-0.6500352	0.5919622	0.61168075	0.55258405	0.4706579	0.49013597	0.61672306	0.6395542	0.6670714	0.640384	0.59632164	-0.49558854	0.2731365	-0.66105163	-0.55586	-0.5000815
-0.63155425	0.6739868	0.6098873	0.68721145	0.67364323	-0.80592394	0.5258102	0.5618265	0.56011605	0.6423687	0.6172164	-0.69457555	0.6491355	-0.58465445	-0.58640677	-0.6639858
-0.3690547	0.39836502	0.36406943	0.39016217	0.3772852	-0.40543386	0.3616235	0.38278458	0.390506	0.46662953	0.33661902	-0.37933835	0.35713306	-0.35889524	-0.37045357	-0.4639418
-1.2342563	1.1733123	1.1439483	1.1869911	1.1083097	-1.0005426	1.1473824	1.1807792	1.1207933	1.2244809	1.1527666	-1.13488	0.9912025	-1.1480409	-1.1001858	-1.2244633
-1.130457	1.210836	1.0826219	1.1351987	1.0693066	-1.0476274	1.0768106	1.1203337	1.1195883	1.2133555	1.1313778	-1.0493634	1.0137624	-1.153095	-1.0818545	-1.1186298
-0.8680182	0.93721235	0.78097355	0.9094999	0.91791457	-0.9259333	0.7985792	0.9204317	0.8004718	0.9680205	0.83402544	-0.94351244	0.8302628	-0.7293577	-0.85293436	-0.97243303
0.022036318	-0.053465348	-0.035429265	-0.072209984	-0.06410057	0.09383071	-0.029104386	0.003160762	-0.04952261	-0.075092256	-0.052010927	0.012076729	-0.08667689	-0.020954834	0.07498749	0.053649537
-0.71883726	0.6979798	0.6599444	0.7458043	0.6335294	-0.596297	0.7414846	0.76169586	0.643928	0.6816527	0.6432794	-0.6573172	0.6497775	-0.6461939	-0.6507513	-0.73171747
-0.4915683	0.42141452	0.42281857	0.47863242	0.39362124	-0.40861818	0.41842365	0.4947782	0.48679408	0.4354088	0.41969576	-0.4434181	0.39363015	-0.41029304	-0.4081276	-0.47873613
0.12102118	-0.12905206	-0.091548815	-0.062697954	-0.11103738	-0.033127178	-0.16918905	-0.08779996	-0.10577572	-0.10489409	-0.105956525	0.09470341	0.0030259609	0.13775617	0.10569198	0.09367227
-0.031791143	-0.006438953	0.04961538	0.06736469	0.023362884	-0.014389665	0.05580947	-0.017680217	0.004309648	0.004863419	0.027590316	0.0076080677	0.05268426	-0.004761134	0.020389767	-0.06887301
-0.049977988	0.06557876	0.04126456	0.07076968	-0.03193332	0.0061164065	0.04898954	0.010477301	0.011743552	0.030435966	-0.015191937	-0.00229064	-0.029052984	-0.015574854	-0.04558093	-0.056863945
-0.66632336	0.64755833	0.6391314	0.66367036	0.54953045	-0.50178814	0.57294285	0.7031503	0.5843447	0.68021655	0.56946385	-0.6244903	0.5467112	-0.49361014	-0.5277066	-0.6418227
0.37554032	-0.33121586	-0.2738865	-0.24485102	-0.25837898	-0.06339276	-0.39354345	-0.28765664	-0.36797938	-0.31133857	-0.26754856	0.26204455	-0.14166881	0.38654214	0.33455834	0.22592069
-0.7425098	0.7298311	0.6099396	0.7487452	0.65949684	-0.7519744	0.66634935	0.68453574	0.6356006	0.72299427	0.65208864	-0.7303466	0.6563073	-0.61774766	-0.61392206	-0.7683944
-0.053081334	0.114636205	0.07842973	0.041494723	0.12751533	-0.07731714	0.053827032	0.08474207	0.13217399	0.104047105	0.10000722	-0.10904445	0.078904144	-0.10342795	-0.06505462	-0.14382368
0.02097257	-0.012855705	-0.06809187	-0.07105803	-0.06261107	0.17144549	-0.031532414	-0.111538544	-0.04641768	-0.025210772	0.02069587	0.104521446	-0.03684008	-0.01607608	-0.018775772	0.16113174
-0.44603622	0.42128608	0.38497856	0.40712968	0.4096402	-0.40640172	0.38654104	0.4568565	0.35829163	0.47199807	0.41090962	-0.4392193	0.37979075	-0.34615526	-0.41640967	-0.44323945
-0.33554715	0.3866128	0.2815543	0.36666185	0.4112713	-0.5039822	0.3089578	0.33363038	0.3085664	0.39032257	0.35135004	-0.34593344	0.37433755	-0.35874537	-0.3771527	-0.44408616
0.17161465	-0.17599434	-0.14249891	-0.21078949	-0.15589845	0.19477673	-0.21959068	-0.18249488	-0.20342837	-0.2014733	-0.16625182	0.16720802	-0.20403749	0.15781912	0.15440176	0.22868997
-0.31106472	0.26232052	0.26969016	0.24783152	0.32846102	-0.34934977	0.26670697	0.28777233	0.23033221	0.26770648	0.34696716	-0.27680388	0.32901156	-0.26389688	-0.26158875	-0.26541933
-0.18885513	0.2932488	0.20070396	0.22908095	0.22460437	0.18959746	0.23623478	0.28071284	0.25729334	0.20764916	0.23882471	-0.19771267	0.20061924	-0.22848499	-0.27488953	-0.18419655
-0.26606706	0.1752305	0.20176892	0.19404991	0.16439536	-0.20447907	0.19073655	0.25782335	0.26694655	0.19544724	0.20710024	-0.15514427	0.15412724	-0.24589549	-0.22997463	-0.23539673
0.0020147841	0.0076276455	-0.018576764	-0.007867955	0.09226991	-0.25744703	-0.05326084	-0.017795097	-0.02029198	0.02363423	0.031378273	-0.05904653	0.04611086	0.041820753	-0.02922266	-0.023097554
-0.89150786	0.9261946	0.8440214	0.8637411	0.8491843	-0.8278526	0.7869718	0.90422314	0.859906	0.90023017	0.8747235	-0.7999485	0.7768713	-0.8332273	-0.7627146	-0.8371568
-1.1735632	1.1669196	1.0553768	1.1479377	1.1185497	-1.0045224	1.0887681	1.2187923	1.0704432	1.2457138	1.0828798	-1.0809886	0.9679418	-1.1525373	-1.0325942	-1.1659691
0.32410172	-0.38744295	-0.34193686	-0.3870233	-0.3643534	0.37806407	-0.38830018	-0.37161893	-0.37458703	-0.39512807	-0.35563663	0.34809873	-0.3309831	0.33720464	0.37667495	0.38477468
0.67735505	-0.56719726	-0.5981705	-0.48545396	-0.5326579	0.22230317	-0.6292835	-0.5694507	-0.6217383	-0.63125825	-0.54576415	0.48435917	-0.4200013	0.7243608	0.5632022	0.56833166
-1.0934498	1.1079036	0.9384706	1.0417175	0.9202676	-0.86354744	0.9903715	1.1022663	0.9901863	1.072741	1.0456152	-0.95823246	0.9190973	-1.0305462	-0.9574409	-1.0709955
-0.38693452	0.41096964	0.39840978	0.3564304	0.31982604	-0.35770223	0.37609154	0.3874522	0.35056892	0.39637113	0.33043903	-0.32652155	0.31145066	-0.39115328	-0.32712013	-0.34398285
-0.35247657	0.3475038	0.392331	0.35623085	0.40017712	-0.36887798	0.39888284	0.36592487	0.37333587	0.4381469	0.39232188	-0.35399762	0.3908294	-0.3751569	-0.36229852	-0.33204004
-0.24120048	0.26602763	0.23766533	0.24144296	0.25851622	-0.25529867	0.28561994	0.29718202	0.28237233	0.29801685	0.23293631	-0.25278845	0.2789697	-0.23412873	-0.25187692	-0.30289483
0.61304194	-0.56099504	-0.5333356	-0.49828738	-0.4623683	0.28543982	-0.5583879	-0.6229666	-0.5360953	-0.6350313	-0.5331392	0.4660967	-0.4421037	0.60502994	0.55077904	0.5382111
0.22519374	-0.27865118	-0.2761379	-0.25648865	-0.30398482	0.23928246	-0.20911963	-0.25119242	-0.2913257	-0.24897258	-0.2423853	0.2778969	-0.2816579	0.22984801	0.24091613	0.22166665
-0.02812971	0.08644555	0.015032625	0.0035460852	0.064684615	-0.058938246	-0.013203215	0.07000632	0.060767673	0.048863087	0.0024705757	-0.08504396	0.044450562	-0.028711325	-0.056711815	-0.04034069
-0.09756664	0.14441398	0.11552424	0.116483845	0.17156936	-0.335092	0.04289792	0.06390375	0.05001417	0.105963916	0.07979884	-0.10572131	0.16079584	-0.016068451	-0.038541857	-0.1562588
0.31913045	-0.36705577	-0.31582543	-0.32210815	-0.33372054	0.32757747	-0.36904174	-0.34664539	-0.29210702	-0.40312773	-0.331948	0.3823811	-0.32498172	0.35687703	0.36204055	0.3134015
-0.39962375	0.47231907	0.4048428	0.47741643	0.47412744	-0.6070393	0.37745118	0.4573308	0.39436713	0.5150274	0.45224434	-0.4222779	0.5060014	-0.39094117	-0.4463427	-0.4823535
0.1837976	-0.13415231	-0.19022816	-0.1902775	-0.16419365	0.15070285	-0.19132221	-0.13509348	-0.19314495	-0.17525369	-0.14415467	0.19732769	-0.13943212	0.20496185	0.19570103	0.16168542
0.29819658	-0.29900104	-0.22678587	-0.24283491	-0.26362056	0.15481576	-0.2941121	-0.21144263	-0.28592068	-0.2515771	-0.2774469	0.24957658	-0.26740846	0.27239826	0.27852598	0.2495029
-0.92877024	0.9607917	0.87435204	0.8762875	0.85809493	-0.76768404	0.81716293	0.9404294	0.8610481	0.9758136	0.8701374	-0.81038904	0.7420427	-0.848228	-0.7930642	-0.9326498
0.24749964	-0.26097292	-0.2808099	-0.26509678	-0.28167927	0.23893219	-0.21934852	-0.2561096	-0.2664748	-0.22795305	-0.23672539	0.24074231	-0.29197055	0.22170793	0.26256654	0.29008734
-0.58538467	0.51171327	0.5692366	0.54830027	0.48454195	-0.47119778	0.5719754	0.5255598	0.5496329	0.5177284	0.5343928	-0.5238917	0.4695946	-0.54576916	-0.5430622	-0.532006
-1.0397547	1.0327108	1.0263841	0.9848649	0.9650761	-0.8944538	1.0416776	1.0145142	0.9770216	1.0866834	0.9522288	-1.0210617	0.8617417	-0.9923986	-0.92197406	-1.0906485
-0.932581	0.9187273	0.7991108	0.89177376	0.8234067	-0.7524812	0.83688366	0.9138691	0.8240095	0.8861248	0.88940394	-0.8472854	0.703414	-0.8777223	-0.7701306	-0.9125046
0.87715596	-0.77533317	-0.7260537	-0.75537896	-0.6899241	0.4098732	-0.8207236	-0.8656394	-0.73958653	-0.8069879	-0.6928722	0.67846	-0.5367503	0.901372	0.7639676	0.7263042
1.0447309	-1.0226841	-0.9134758	-0.8586208	-0.80524945	0.5555965	-0.996768	-0.998161	-0.9442548	-0.9528254	-0.90949214	0.8828659	-0.7008724	0.9899061	0.82315254	0.90473986
0.4286197	-0.40808555	-0.3339226	-0.3818197	-0.3768619	0.25154576	-0.34170005	-0.3750799	-0.37315917	-0.41609156	-0.33043456	0.35385594	-0.2841242	0.37288022	0.36323252	0.35893637
0.23526162	-0.24718086	-0.25864315	-0.3155174	-0.27907005	0.3687517	-0.16211347	-0.20457628	-0.19605206	-0.26465487	-0.26658833	0.26483923	-0.23975334	0.15071255	0.20122105	0.33402643
1.2281041	-1.2741517	-1.1289155	-1.209822	-1.1485786	0.9285258	-1.1746002	-1.276583	-1.1986322	-1.20061	-1.1759742	1.1661627	-1.0263332	1.1799518	1.0971012	1.2183536
-0.00019408697	0.02166099	-0.05087747	-0.06088884	-0.031133814	-0.002269788	0.0063678226	-0.044126768	0.030119108	0.025786057	0.018694192	0.02244033	-0.0028193924	0.018302614	0.027176172	0.07309984
0.8454679	-0.8148354	-0.7366096	-0.70445716	-0.6172313	0.14040075	-0.74736696	-0.74245596	-0.78081876	-0.807299	-0.72488797	0.6503446	-0.55599946	0.7726423	0.7348053	0.67400366
0.14277098	-0.11856187	-0.04408425	-0.13638692	-0.072229	0.09697707	-0.047883302	-0.09510309	-0.12032655	-0.11625481	-0.0947259	0.12180037	-0.09557093	0.12316683	0.14814381	0.11456914
-0.64658654	0.6421807	0.5547051	0.60315055	0.5630978	-0.64775324	0.5062004	0.61520493	0.50913376	0.66816705	0.539601	-0.60131824	0.5391641	-0.4459248	-0.53324217	-0.61322546
-0.77247113	0.7393212	0.67695254	0.73856646	0.7649463	-0.7862845	0.6421698	0.75467557	0.68226206	0.78089446	0.7465942	-0.70937425	0.74192435	-0.59282875	-0.7121036	-0.75345767
-0.49749342	0.5110225	0.5296257	0.5437778	0.52362466	-0.5153573	0.5453062	0.48998162	0.49475995	0.56640375	0.5717668	-0.50221634	0.44909394	-0.48909727	-0.5064173	-0.5098487
0.6366614	-0.59937114	-0.5173922	-0.53204525	-0.56800723	0.4436345	-0.6016017	-0.6247288	-0.5459001	-0.6120646	-0.5523618	0.5317091	-0.5374507	0.5811198	0.5597605	0.5437811
-0.0033876437	-0.06395787	-0.08949112	-0.069766365	-0.06735157	0.08845263	-0.08447674	-0.050591607	-0.04023092	-0.0021963876	-0.007617566	0.055954132	-0.0821299	0.08128849	0.011407936	0.025628798
-1.2192395	1.2206687	1.0828426	1.1445575	1.105248	-1.0343313	1.0677328	1.1916921	1.1090138	1.20077	1.1359947	-1.0895472	1.0108188	-1.1539284	-1.1105098	-1.1479268
0.46146297	-0.47124988	-0.42760137	-0.4777687	-0.39618823	0.37321422	-0.4838925	-0.46967566	-0.43437308	-0.49701387	-0.45764074	0.45629436	-0.38303065	0.4249252	0.4523544	0.44154802
0.95128477	-0.9711751	-0.9001885	-0.8500196	-0.844836	0.8074182	-0.9249301	-0.9737638	-0.83633655	-0.9348002	-0.86840415	0.90933615	-0.7765927	0.95576304	0.8235082	0.8873147
-0.2721355	0.2964316	0.303209	0.29099578	0.30180094	-0.2735892	0.2964106	0.291789	0.2959794	0.33039084	0.20924143	-0.21376474	0.20064172	-0.27224705	-0.29066268	-0.27008313
-0.47551176	0.529644	0.48993978	0.46355844	0.44988525	-0.43709344	0.42612943	0.5170705	0.4335246	0.485025	0.49295264	-0.4465151	0.4190362	-0.45692325	-0.46905068	-0.5225739
0.26383176	-0.17134197	-0.2136708	-0.13320729	-0.18022421	-0.01312466	-0.22632797	-0.23728384	-0.25654644	-0.17018542	-0.16415745	0.16569489	-0.10627724	0.23706281	0.21163885	0.08679398
1.1906859	-1.1684495	-1.1783177	-1.1209116	-1.101935	0.86832786	-1.1334871	-1.1963004	-1.1701922	-1.1633354	-1.1624074	1.0503881	-0.9954552	1.1748577	1.1317395	1.0938075
0.109453924	-0.053392503	-0.020514648	-0.022805208	0.022415858	-0.12303604	-0.066073745	-0.08668387	-0.036761865	-0.050821096	-0.050134417	0.011186062	-0.037988197	0.08010036	0.014343976	-0.021951202
0.50486094	-0.5157682	-0.48795992	-0.50812066	-0.4161074	0.26987308	-0.5129174	-0.54466945	-0.45022961	-0.4704389	-0.43930265	0.4978973	-0.41902256	0.5177911	0.4622046	0.44381273
0.029229848	-0.0442379	0.0031171718	0.016382156	-0.0221634	0.018615292	0.04992663	0.015557637	0.048136245	0.03872069	-0.02211772	-0.017383814	-0.027589597	0.019315856	-0.044027008	-0.041592073
0.070403405	-0.04944847	-0.07428389	-0.023962533	-0.061175767	0.09524708	-0.015889851	-0.08209469	4.360426e-05	-0.066321366	-0.052746076	0.02074455	-0.05716356	0.02537219	0.07890226	0.036754023
-0.5988171	0.6036684	0.51267755	0.5693899	0.5302461	-0.5277021	0.5311651	0.5303209	0.5263014	0.593684	0.5024252	-0.52056307	0.5535455	-0.5497972	-0.52540004	-0.59624004
-1.2084856	1.2172164	1.1262587	1.1915848	1.1292897	-1.0086466	1.1256943	1.2428561	1.1109174	1.230992	1.1237484	-1.1622442	1.0175743	-1.1566368	-1.0938586	-1.1917711
1.2089335	-1.1290313	-1.0909357	-1.1149272	-1.0106624	0.7866511	-1.151419	-1.1271759	-1.0857252	-1.2317036	-1.1154135	1.0397444	-0.96541065	1.1728112	1.0639975	1.130691
0.28583863	-0.33206615	-0.30251294	-0.2608979	-0.22998254	0.23868357	-0.20414323	-0.27529284	-0.21509598	-0.30472243	-0.26115814	0.26967812	-0.27222204	0.31478506	0.28320664	0.3443119
0.45985335	-0.47945806	-0.3917113	-0.40153623	-0.4010817	0.21300949	-0.40851232	-0.4435259	-0.45430788	-0.45672178	-0.48315775	0.40046415	-0.30450687	0.4608183	0.40380898	0.36628985
-0.10105155	0.04687701	0.10523363	0.0006452387	-0.0017691159	0.3055303	0.07961036	0.08895772	0.072810695	0.035178	0.04296091	0.04304288	-0.015728014	-0.22180282	-0.08532517	0.05367085
0.36813292	-0.30507457	-0.28780967	-0.2785877	-0.31567058	0.1370957	-0.36759615	-0.2965876	-0.27457702	-0.27897412	-0.28812563	0.31896487	-0.2870852	0.37053734	0.27254826	0.22179952
0.88331574	-0.9169575	-0.7901227	-0.7874562	-0.8450434	0.73224646	-0.8675124	-0.8358734	-0.76944053	-0.9281906	-0.78887916	0.8066352	-0.69211453	0.822266	0.8172456	0.83498
1.0765146	-1.0201354	-0.88963175	-0.89652604	-0.91002065	0.6670787	-0.9993661	-0.9869927	-0.9314352	-1.0127157	-0.89547896	0.89874464	-0.7946573	1.0524473	0.8516336	0.93566877
0.38443205	-0.47316158	-0.4277118	-0.3772752	-0.392066	0.20709853	-0.39303318	-0.44692346	-0.35532254	-0.40508574	-0.40367842	0.38408697	-0.3428063	0.44002128	0.38017115	0.31649962
-1.1988084	1.1727519	1.1767752	1.2146294	1.1260952	-1.0617905	1.2127261	1.1716031	1.1775625	1.2229954	1.1860225	-1.1628879	1.0992608	-1.1468594	-1.1575837	-1.1894417
0.6879963	-0.71208686	-0.6040231	-0.60145926	-0.6156365	0.3976163	-0.63023937	-0.6227533	-0.63687015	-0.6949241	-0.6831079	0.56667125	-0.6038919	0.70768535	0.6320485	0.5382229
-0.1161892	0.10710825	0.08686908	0.102628134	0.0993578	-0.06427683	0.07170023	0.12679856	0.058684807	0.12137285	0.057608485	-0.12922488	0.078701995	-0.116851196	-0.08631657	-0.11156463
-0.27081907	0.27673933	0.26225948	0.27465597	0.3191824	-0.30278385	0.25222924	0.2760575	0.24082638	0.27224666	0.25932023	-0.25547102	0.21935406	-0.2112204	-0.23902139	-0.28116804
0.46937278	-0.4610181	-0.4030109	-0.44925413	-0.4115563	0.38966405	-0.4695239	-0.45104992	-0.4046535	-0.43997422	-0.37779155	0.41047546	-0.36708286	0.47824943	0.38639417	0.4426475
0.11013891	-0.04635796	-0.13101576	-0.07208382	-0.07159317	0.070577145	-0.054145925	-0.0591446	-0.06440867	-0.08288464	-0.10137943	0.092554495	-0.11364445	0.07584655	0.056713395	0.09688545
-0.9622782	0.881106	0.8204717	0.8741161	0.7889036	-0.81998676	0.82817096	0.8961253	0.85146815	0.89046025	0.83575547	-0.8647337	0.69740605	-0.92497456	-0.82373774	-0.89542913
-0.6544585	0.56899846	0.49849564	0.5320077	0.54015845	-0.4653494	0.589797	0.5511774	0.4898921	0.58279926	0.5043388	-0.54828626	0.4268475	-0.52826166	-0.49781954	-0.6314504
0.19127554	-0.097660586	-0.15023051	-0.13456534	-0.057641175	-0.099743165	-0.111954555	-0.12496667	-0.09808623	-0.13794613	-0.099337906	0.05617768	-0.079913296	0.15275106	0.11254926	0.028632553
0.32435137	-0.2772809	-0.251396	-0.28548124	-0.2589815	0.30405396	-0.3165665	-0.35066533	-0.280464	-0.36052755	-0.2692257	0.27328146	-0.2417834	0.32677776	0.29760143	0.31381902
0.21823591	-0.25600618	-0.21819834	-0.22363847	-0.20186482	0.18204026	-0.23562726	-0.19527471	-0.21918614	-0.23456542	-0.19703977	0.25342298	-0.1761737	0.19699019	0.2235893	0.26529586
-0.83290637	0.812322	0.69427365	0.7535306	0.725044	-0.80259275	0.7317246	0.82260627	0.72242355	0.83313435	0.75092095	-0.7650468	0.6837126	-0.5780821	-0.7285613	-0.8758925
